Time,ParticipantID,Scenario,Sequence,HeadX,HeadY,HeadZ,HeadYaw,HeadPitch,VideoX,VideoY,VideoZ,InstX,InstY,InstZ,GazeTarget,AngleToVideo,AngleToInst,VideoOcc,InstOcc,HitObjectName
0.45,Anusha,AUIT_Multi,ABC,1.000,0.000,1.000,0.0,0.0,-2.197,1.378,13.812,-26.067,0.000,792.755,World,15.2,-1.0,False,False,CabinetDCorner01
0.59,Anusha,AUIT_Multi,ABC,1.000,0.000,1.000,0.0,0.0,-2.197,1.378,13.812,-26.067,0.000,792.755,World,15.2,-1.0,False,False,CabinetDCorner01
0.73,Anusha,AUIT_Multi,ABC,1.000,0.000,1.000,0.0,0.0,-2.197,1.378,13.812,-26.067,0.000,792.755,World,15.2,-1.0,False,False,CabinetDCorner01
1.22,Anusha,AUIT_Multi,ABC,0.996,1.050,0.998,359.3,2.6,-2.197,1.378,13.812,-26.067,0.000,792.755,World,13.8,-1.0,False,False,RightHandAnchor
1.36,Anusha,AUIT_Multi,ABC,0.996,1.050,0.999,359.0,2.6,-2.197,1.378,13.812,-26.067,0.000,792.755,World,13.6,-1.0,False,False,RightHandAnchor
1.50,Anusha,AUIT_Multi,ABC,0.996,1.050,0.998,359.0,2.6,-2.197,1.378,13.812,-26.067,0.000,792.755,World,13.6,-1.0,False,False,RightHandAnchor
1.70,Anusha,AUIT_Multi,ABC,0.996,1.050,0.998,358.9,2.6,-2.197,1.378,13.812,-26.067,0.000,792.755,World,13.5,-1.0,False,False,RightHandAnchor
1.84,Anusha,AUIT_Multi,ABC,0.996,1.050,0.998,358.7,2.4,-2.197,1.378,13.812,-26.067,0.000,792.755,World,13.3,-1.0,False,False,RightHandAnchor
1.97,Anusha,AUIT_Multi,ABC,0.996,1.050,0.998,358.9,2.4,-2.197,1.378,13.812,-26.067,0.000,792.755,World,13.4,-1.0,False,False,RightHandAnchor
2.11,Anusha,AUIT_Multi,ABC,0.996,1.050,0.997,358.6,2.3,-2.197,1.378,13.812,-26.067,0.000,792.755,World,13.1,-1.0,False,False,RightHandAnchor
2.25,Anusha,AUIT_Multi,ABC,0.996,1.050,0.996,358.4,2.1,-2.197,1.378,13.812,-26.067,0.000,792.755,World,12.8,-1.0,False,False,RightHandAnchor
2.39,Anusha,AUIT_Multi,ABC,0.996,1.050,0.996,358.4,1.9,-2.197,1.378,13.812,-26.067,0.000,792.755,Video,12.8,-1.0,False,False,Video Quad
2.53,Anusha,AUIT_Multi,ABC,0.994,1.051,0.996,356.8,1.4,-2.197,1.378,13.812,-26.067,0.000,792.755,Video,11.1,-1.0,False,False,Video Quad
2.67,Anusha,AUIT_Multi,ABC,0.981,1.056,0.994,347.6,358.5,-2.197,1.378,13.812,-26.067,0.000,792.755,Video,1.5,-1.0,False,False,Video Quad
2.81,Anusha,AUIT_Multi,ABC,0.969,1.058,0.990,338.6,356.9,-2.197,1.378,13.812,-26.067,0.000,792.755,Video,7.7,-1.0,False,False,Video Quad
2.95,Anusha,AUIT_Multi,ABC,0.964,1.058,0.988,337.4,357.1,-2.197,1.378,13.812,-26.067,0.000,792.755,Video,8.9,-1.0,False,False,Video Quad
3.09,Anusha,AUIT_Multi,ABC,0.961,1.059,0.986,337.6,356.3,-2.197,1.378,13.812,-26.067,0.000,792.755,Video,8.9,-1.0,False,False,Video Quad
3.22,Anusha,AUIT_Multi,ABC,0.961,1.058,0.986,338.0,356.8,-2.197,1.378,13.812,-26.067,0.000,792.755,Video,8.4,-1.0,False,False,Video Quad
3.36,Anusha,AUIT_Multi,ABC,0.960,1.058,0.986,337.0,356.7,-2.197,1.378,13.812,-26.067,0.000,792.755,Video,9.4,-1.0,False,False,Video Quad
3.50,Anusha,AUIT_Multi,ABC,0.953,1.058,0.982,331.2,356.6,-2.197,1.378,13.812,-26.067,0.000,792.755,World,15.1,-1.0,False,False,Wall4m
3.64,Anusha,AUIT_Multi,ABC,0.929,1.054,0.967,308.8,357.4,-2.197,1.378,13.812,-26.067,0.000,792.755,World,37.5,-1.0,False,False,Wall4m
3.81,Anusha,AUIT_Multi,ABC,0.917,1.047,0.946,290.8,1.3,-2.197,1.378,13.812,-26.067,0.000,792.755,Video,55.7,-1.0,False,False,Video Quad
3.95,Anusha,AUIT_Multi,ABC,0.920,1.051,0.940,287.8,358.7,-2.197,1.378,13.812,-26.067,0.000,792.755,Video,58.6,-1.0,False,False,Video Quad
4.09,Anusha,AUIT_Multi,ABC,0.929,1.055,0.937,285.5,357.3,-2.197,1.378,13.812,-26.067,0.000,792.755,Video,60.9,-1.0,False,False,Video Quad
4.22,Anusha,AUIT_Multi,ABC,0.942,1.058,0.939,286.0,355.9,-2.197,1.378,13.812,-26.067,0.000,792.755,Video,60.3,-1.0,False,False,Video Quad
4.36,Anusha,AUIT_Multi,ABC,0.954,1.059,0.936,284.6,355.3,-2.197,1.378,13.812,-26.067,0.000,792.755,Video,61.7,-1.0,False,False,Video Quad
4.50,Anusha,AUIT_Multi,ABC,0.964,1.065,0.928,277.0,352.6,-2.197,1.378,13.812,-26.067,0.000,792.755,World,69.2,-1.0,False,False,Refrigerator03_Door01
4.64,Anusha,AUIT_Multi,ABC,0.974,1.068,0.926,278.8,351.1,-2.197,1.378,13.812,-26.067,0.000,792.755,World,67.4,-1.0,False,False,Refrigerator03_Door01
4.78,Anusha,AUIT_Multi,ABC,0.981,1.069,0.929,281.4,350.5,-2.197,1.378,13.812,-26.067,0.000,792.755,World,64.8,-1.0,False,False,Refrigerator03_Door01
4.92,Anusha,AUIT_Multi,ABC,0.991,1.069,0.943,294.6,350.9,-2.197,1.378,13.812,-26.067,0.000,792.755,World,51.8,-1.0,False,False,Wall4m
5.06,Anusha,AUIT_Multi,ABC,0.997,1.069,0.949,301.7,350.8,-2.197,1.378,13.812,-26.067,0.000,792.755,World,44.8,-1.0,False,False,Wall4m
5.20,Anusha,AUIT_Multi,ABC,1.001,1.067,0.952,303.8,351.1,-2.197,1.378,13.812,-26.067,0.000,792.755,World,42.7,-1.0,False,False,Wall4m
5.34,Anusha,AUIT_Multi,ABC,1.003,1.067,0.955,305.9,351.3,-2.197,1.378,13.812,-26.067,0.000,792.755,World,40.6,-1.0,False,False,Wall4m
5.48,Anusha,AUIT_Multi,ABC,1.001,1.066,0.957,306.2,351.8,-2.197,1.378,13.812,-26.067,0.000,792.755,World,40.2,-1.0,False,False,Wall4m
5.61,Anusha,AUIT_Multi,ABC,1.000,1.066,0.956,305.7,351.9,-2.197,1.378,13.812,-26.067,0.000,792.755,World,40.8,-1.0,False,False,Wall4m
5.75,Anusha,AUIT_Multi,ABC,0.999,1.067,0.954,303.9,351.1,-2.197,1.378,13.812,-26.067,0.000,792.755,World,42.6,-1.0,False,False,Wall4m
5.89,Anusha,AUIT_Multi,ABC,0.988,1.072,0.930,283.1,348.1,-2.197,1.378,13.812,-26.067,0.000,792.755,World,63.3,-1.0,False,False,Refrigerator03_Door01
6.03,Anusha,AUIT_Multi,ABC,0.985,1.068,0.907,265.5,349.2,-2.197,1.378,13.812,-26.067,0.000,792.755,World,80.6,-1.0,False,False,Refrigerator03_Door01
6.17,Anusha,AUIT_Multi,ABC,0.981,1.068,0.905,269.9,349.3,-2.197,1.378,13.812,-26.067,0.000,792.755,World,76.3,-1.0,False,False,Refrigerator03_Door01
6.31,Anusha,AUIT_Multi,ABC,0.978,1.068,0.903,270.2,349.3,-2.197,1.378,13.812,-26.067,0.000,792.755,World,76.0,-1.0,False,False,Refrigerator03_Door01
6.45,Anusha,AUIT_Multi,ABC,0.978,1.068,0.901,268.4,349.2,-2.197,1.378,13.812,-26.067,0.000,792.755,World,77.8,-1.0,False,False,Refrigerator03_Door01
6.59,Anusha,AUIT_Multi,ABC,0.979,1.068,0.900,267.8,349.2,-2.197,1.378,13.812,-26.067,0.000,792.755,World,78.3,-1.0,False,False,Refrigerator03_Door01
6.73,Anusha,AUIT_Multi,ABC,0.981,1.069,0.894,264.5,348.8,-2.197,1.378,13.812,-26.067,0.000,792.755,World,81.6,-1.0,False,False,Refrigerator03_Door01
6.89,Anusha,AUIT_Multi,ABC,0.985,1.066,0.876,253.7,350.6,-2.197,1.378,13.812,-26.067,0.000,792.755,World,92.2,-1.0,False,False,Refrigerator03
7.03,Anusha,AUIT_Multi,ABC,0.986,1.065,0.870,254.7,350.4,-2.197,1.378,13.812,-26.067,0.000,792.755,Video,91.2,-1.0,False,False,Video Quad
7.17,Anusha,AUIT_Multi,ABC,0.985,1.065,0.867,254.4,350.7,-2.197,1.378,13.812,-26.067,0.000,792.755,Video,91.6,-1.0,False,False,Video Quad
7.31,Anusha,AUIT_Multi,ABC,0.984,1.065,0.868,254.5,350.7,-2.197,1.378,13.812,-26.067,0.000,792.755,Video,91.5,-1.0,False,False,Video Quad
7.45,Anusha,AUIT_Multi,ABC,0.984,1.066,0.872,255.7,350.3,-2.197,1.378,13.812,-26.067,0.000,792.755,Video,90.3,-1.0,False,False,Video Quad
7.59,Anusha,AUIT_Multi,ABC,0.986,1.067,0.876,257.4,349.4,-2.197,1.378,13.812,-26.067,0.000,792.755,Video,88.6,-1.0,False,False,Video Quad
7.73,Anusha,AUIT_Multi,ABC,0.987,1.069,0.881,259.6,348.4,-2.197,1.378,13.812,-26.067,0.000,792.755,Video,86.4,-1.0,False,False,Video Quad
7.86,Anusha,AUIT_Multi,ABC,0.988,1.071,0.885,262.0,347.5,-2.197,1.378,13.812,-26.067,0.000,792.755,Video,84.0,-1.0,False,False,Video Quad
8.00,Anusha,AUIT_Multi,ABC,0.989,1.071,0.888,262.9,347.2,-2.197,1.378,13.812,-26.067,0.000,792.755,Video,83.1,-1.0,False,False,Video Quad
8.14,Anusha,AUIT_Multi,ABC,0.989,1.072,0.890,263.2,347.0,-2.197,1.378,13.812,-26.067,0.000,792.755,Video,82.8,-1.0,False,False,Video Quad
8.28,Anusha,AUIT_Multi,ABC,0.990,1.072,0.890,263.6,346.8,-2.197,1.378,13.812,-26.067,0.000,792.755,Video,82.5,-1.0,False,False,Video Quad
8.42,Anusha,AUIT_Multi,ABC,0.990,1.075,0.892,264.3,346.0,-2.197,1.378,13.812,-26.067,0.000,792.755,Video,81.8,-1.0,False,False,Video Quad
8.56,Anusha,AUIT_Multi,ABC,0.982,1.080,0.897,265.8,344.6,-2.197,1.378,13.812,-26.067,0.000,792.755,Video,80.4,-1.0,False,False,Video Quad
8.70,Anusha,AUIT_Multi,ABC,0.980,1.070,0.901,265.8,349.2,-2.197,1.378,13.812,-26.067,0.000,792.755,Video,80.3,-1.0,False,False,Video Quad
8.84,Anusha,AUIT_Multi,ABC,1.006,1.070,0.896,265.9,349.0,-2.197,1.378,13.812,-26.067,0.000,792.755,Video,80.1,-1.0,False,False,Video Quad
8.98,Anusha,AUIT_Multi,ABC,1.041,1.073,0.888,267.5,347.0,-2.197,1.378,13.812,-26.067,0.000,792.755,Video,78.4,-1.0,False,False,Video Quad
9.11,Anusha,AUIT_Multi,ABC,1.072,1.072,0.872,270.3,346.1,-2.197,1.378,13.812,-26.067,0.000,792.755,Video,75.6,-1.0,False,False,Video Quad
9.25,Anusha,AUIT_Multi,ABC,1.106,1.070,0.844,274.3,347.0,-2.197,1.378,13.812,-26.067,0.000,792.755,Video,71.6,-1.0,False,False,Video Quad
9.39,Anusha,AUIT_Multi,ABC,1.141,1.070,0.805,279.1,346.9,-2.197,1.378,13.812,-26.067,0.000,792.755,Video,66.8,-1.0,False,False,Video Quad
9.53,Anusha,AUIT_Multi,ABC,1.171,1.069,0.761,283.9,346.8,-2.197,1.378,13.812,-26.067,0.000,792.755,Video,62.1,-1.0,False,False,Video Quad
9.67,Anusha,AUIT_Multi,ABC,1.194,1.070,0.720,287.2,346.6,-2.197,1.378,13.812,-26.067,0.000,792.755,Video,58.9,-1.0,False,False,Video Quad
9.81,Anusha,AUIT_Multi,ABC,1.211,1.068,0.681,287.8,347.1,-2.197,1.378,13.812,-26.067,0.000,792.755,Video,58.2,-1.0,False,False,Video Quad
9.95,Anusha,AUIT_Multi,ABC,1.223,1.069,0.648,286.0,346.9,-2.197,1.378,13.812,-26.067,0.000,792.755,Video,60.0,-1.0,False,False,Video Quad
10.09,Anusha,AUIT_Multi,ABC,1.232,1.068,0.624,283.7,347.6,-2.197,1.378,13.812,-26.067,0.000,792.755,Video,62.1,-1.0,False,False,Video Quad
10.23,Anusha,AUIT_Multi,ABC,1.239,1.066,0.609,280.8,348.3,-2.197,1.378,13.812,-26.067,0.000,792.755,Video,64.9,-1.0,False,False,Video Quad
10.37,Anusha,AUIT_Multi,ABC,1.241,1.069,0.600,279.4,348.6,-2.197,1.378,13.812,-26.067,0.000,792.755,World,66.3,-1.0,False,False,Refrigerator03_Door01
10.50,Anusha,AUIT_Multi,ABC,1.237,1.069,0.597,279.4,348.0,-2.197,1.378,13.812,-26.067,0.000,792.755,World,66.3,-1.0,False,False,Refrigerator03_Door01
10.64,Anusha,AUIT_Multi,ABC,1.230,1.065,0.598,279.9,351.2,-2.197,1.378,13.812,-26.067,0.000,792.755,World,65.7,-1.0,False,False,Refrigerator03_Door01
10.78,Anusha,AUIT_Multi,ABC,1.224,1.056,0.598,276.6,355.0,-2.197,1.378,13.812,-26.067,0.000,792.755,World,68.9,-1.0,False,False,Refrigerator03_Door01
10.92,Anusha,AUIT_Multi,ABC,1.220,1.056,0.601,271.9,358.5,-2.197,1.378,13.812,-26.067,0.000,792.755,World,73.6,-1.0,False,False,Refrigerator03
11.06,Anusha,AUIT_Multi,ABC,1.219,1.050,0.608,269.5,358.4,-2.197,1.378,13.812,-26.067,0.000,792.755,World,76.0,-1.0,False,False,Refrigerator03
11.20,Anusha,AUIT_Multi,ABC,1.214,1.057,0.617,272.4,350.7,-2.197,1.378,13.812,-26.067,0.000,792.755,World,73.1,-1.0,False,False,Refrigerator03
11.34,Anusha,AUIT_Multi,ABC,1.220,1.066,0.621,271.6,346.1,-2.197,1.378,13.812,-26.067,0.000,792.755,World,74.0,-1.0,False,False,Refrigerator03
11.48,Anusha,AUIT_Multi,ABC,1.229,1.069,0.622,268.9,345.5,-2.197,1.378,13.812,-26.067,0.000,792.755,World,76.6,-1.0,False,False,Refrigerator03
11.62,Anusha,AUIT_Multi,ABC,1.232,1.069,0.629,268.2,350.3,-2.197,1.378,13.812,-26.067,0.000,792.755,World,77.2,-1.0,False,False,Refrigerator03
11.75,Anusha,AUIT_Multi,ABC,1.219,1.069,0.643,267.7,352.4,-2.197,1.378,13.812,-26.067,0.000,792.755,World,77.7,-1.0,False,False,Refrigerator03
11.89,Anusha,AUIT_Multi,ABC,1.182,1.073,0.662,268.2,355.9,-2.197,1.378,13.812,-26.067,0.000,792.755,World,77.3,-1.0,False,False,Refrigerator03
12.03,Anusha,AUIT_Multi,ABC,1.098,1.073,0.686,263.2,355.1,-2.197,1.378,13.812,-26.067,0.000,792.755,World,82.6,-1.0,False,False,Refrigerator03
12.17,Anusha,AUIT_Multi,ABC,0.968,1.050,0.708,256.4,354.8,-2.197,1.378,13.812,-26.067,0.000,792.755,World,89.9,-1.0,False,False,Refrigerator03
12.31,Anusha,AUIT_Multi,ABC,0.840,1.061,0.697,252.5,357.9,-2.197,1.378,13.812,-26.067,0.000,792.755,World,94.4,-1.0,False,False,Refrigerator03
12.45,Anusha,AUIT_Multi,ABC,0.769,1.154,0.636,248.6,359.1,-2.197,1.378,13.812,-26.067,0.000,792.755,World,98.7,-1.0,False,False,Refrigerator03
12.70,Anusha,AUIT_Multi,ABC,0.714,1.377,0.537,244.2,0.8,-2.197,1.378,13.812,-26.067,0.000,792.755,World,103.4,-1.0,False,False,Refrigerator03
12.84,Anusha,AUIT_Multi,ABC,0.693,1.427,0.522,245.5,1.3,-2.197,1.378,13.812,-26.067,0.000,792.755,World,102.3,-1.0,False,False,Refrigerator03
12.98,Anusha,AUIT_Multi,ABC,0.674,1.437,0.517,249.1,1.2,-2.197,1.378,13.812,-26.067,0.000,792.755,World,98.7,-1.0,False,False,RightHandAnchor
13.11,Anusha,AUIT_Multi,ABC,0.642,1.442,0.512,247.0,0.9,-2.197,1.378,13.812,-26.067,0.000,792.755,World,100.9,-1.0,False,False,Refrigerator03
13.25,Anusha,AUIT_Multi,ABC,0.591,1.444,0.511,248.3,1.2,-2.197,1.378,13.812,-26.067,0.000,792.755,World,99.9,-1.0,False,False,Refrigerator03
13.39,Anusha,AUIT_Multi,ABC,0.527,1.450,0.512,247.2,3.4,-2.197,1.378,13.812,-26.067,0.000,792.755,World,101.2,-1.0,False,False,Refrigerator03
13.53,Anusha,AUIT_Multi,ABC,0.463,1.454,0.510,245.1,3.2,-2.197,1.378,13.812,-26.067,0.000,792.755,World,103.5,-1.0,False,False,Refrigerator03
13.70,Anusha,AUIT_Multi,ABC,0.405,1.450,0.503,244.1,5.6,-2.197,1.378,13.812,-26.067,0.000,792.755,World,104.8,-1.0,False,False,Refrigerator03
13.84,Anusha,AUIT_Multi,ABC,0.379,1.448,0.493,242.1,6.7,-2.197,1.378,13.812,-26.067,0.000,792.755,Video,106.8,-1.0,False,False,Video Quad
13.98,Anusha,AUIT_Multi,ABC,0.359,1.447,0.478,242.6,7.4,-2.197,1.378,13.812,-26.067,0.000,792.755,Video,106.4,-1.0,False,False,Video Quad
14.11,Anusha,AUIT_Multi,ABC,0.348,1.449,0.452,244.2,6.8,-2.197,1.378,13.812,-26.067,0.000,792.755,Video,104.9,-1.0,False,False,Video Quad
14.25,Anusha,AUIT_Multi,ABC,0.332,1.449,0.413,246.3,4.6,-2.197,1.378,13.812,-26.067,0.000,792.755,Video,103.0,-1.0,False,False,Video Quad
14.39,Anusha,AUIT_Multi,ABC,0.304,1.453,0.357,250.5,3.3,-2.197,1.378,13.812,-26.067,0.000,792.755,World,98.9,-1.0,False,False,Refrigerator03
14.53,Anusha,AUIT_Multi,ABC,0.275,1.453,0.294,255.1,2.8,-2.197,1.378,13.812,-26.067,0.000,792.755,World,94.5,-1.0,False,False,Refrigerator03
14.67,Anusha,AUIT_Multi,ABC,0.247,1.456,0.237,257.8,2.7,-2.197,1.378,13.812,-26.067,0.000,792.755,World,92.0,-1.0,False,False,Refrigerator03
14.81,Anusha,AUIT_Multi,ABC,0.227,1.456,0.196,259.2,3.1,-2.197,1.378,13.812,-26.067,0.000,792.755,World,90.7,-1.0,False,False,Refrigerator03
14.95,Anusha,AUIT_Multi,ABC,0.215,1.455,0.170,260.6,3.2,-2.197,1.378,13.812,-26.067,0.000,792.755,World,89.4,-1.0,False,False,RightHandAnchor
15.09,Anusha,AUIT_Multi,ABC,0.208,1.455,0.155,259.9,3.1,-2.197,1.378,13.812,-26.067,0.000,792.755,World,90.1,-1.0,False,False,RightHandAnchor
15.23,Anusha,AUIT_Multi,ABC,0.205,1.457,0.147,259.7,2.6,-2.197,1.378,13.812,-26.067,0.000,792.755,World,90.3,-1.0,False,False,RightHandAnchor
15.36,Anusha,AUIT_Multi,ABC,0.206,1.458,0.144,260.7,2.1,-2.197,1.378,13.812,-26.067,0.000,792.755,World,89.4,-1.0,False,False,Refrigerator03
15.50,Anusha,AUIT_Multi,ABC,0.209,1.459,0.145,261.8,1.5,-2.197,1.378,13.812,-26.067,0.000,792.755,World,88.3,-1.0,False,False,Refrigerator03
15.64,Anusha,AUIT_Multi,ABC,0.214,1.458,0.146,263.7,1.5,-2.197,1.378,13.812,-26.067,0.000,792.755,World,86.3,-1.0,False,False,Refrigerator03
15.78,Anusha,AUIT_Multi,ABC,0.217,1.457,0.151,268.1,0.6,-2.197,1.378,13.812,-26.067,0.000,792.755,World,81.9,-1.0,False,False,Refrigerator03
15.92,Anusha,AUIT_Multi,ABC,0.217,1.451,0.169,278.4,1.5,-2.197,1.378,13.812,-26.067,0.000,792.755,World,71.6,-1.0,False,False,Refrigerator03
16.06,Anusha,AUIT_Multi,ABC,0.214,1.445,0.208,298.2,3.8,-2.197,1.378,13.812,-26.067,0.000,792.755,World,51.8,-1.0,False,False,Refrigerator03
16.20,Anusha,AUIT_Multi,ABC,0.226,1.443,0.257,319.6,4.9,-2.197,1.378,13.812,-26.067,0.000,792.755,World,30.6,-1.0,False,False,Refrigerator03_Door01
16.39,Anusha,AUIT_Multi,ABC,0.281,1.441,0.334,347.6,8.3,-2.197,1.378,13.812,-26.067,0.000,792.755,World,8.2,-1.0,False,False,Wall4m
16.53,Anusha,AUIT_Multi,ABC,0.335,1.439,0.393,0.8,9.4,-2.197,1.378,13.812,-26.067,0.000,792.755,World,14.6,-1.0,False,False,Wall4m
16.67,Anusha,AUIT_Multi,ABC,0.399,1.441,0.465,9.0,1.8,-2.197,1.378,13.812,-26.067,0.000,792.755,World,20.0,-1.0,False,False,Wall4m
16.85,Anusha,AUIT_Multi,ABC,0.459,1.448,0.523,13.2,359.8,-2.197,1.378,13.812,-26.067,0.000,792.755,World,24.5,-1.0,False,False,CabinetD05
16.99,Anusha,AUIT_Multi,ABC,0.527,1.440,0.580,19.3,5.2,-2.197,1.378,13.812,-26.067,0.000,792.755,Video,31.3,-1.0,False,False,Video Quad
17.13,Anusha,AUIT_Multi,ABC,0.562,1.433,0.614,24.4,8.0,-2.197,1.378,13.812,-26.067,0.000,792.755,World,36.9,-1.0,False,False,Wall4m
17.27,Anusha,AUIT_Multi,ABC,0.587,1.432,0.650,26.8,10.2,-2.197,1.378,13.812,-26.067,0.000,792.755,World,39.8,-1.0,False,False,Wall4m
17.41,Anusha,AUIT_Multi,ABC,0.609,1.432,0.697,26.5,10.3,-2.197,1.378,13.812,-26.067,0.000,792.755,World,39.7,-1.0,False,False,Wall4m
17.55,Anusha,AUIT_Multi,ABC,0.630,1.432,0.757,25.4,6.0,-2.197,1.378,13.812,-26.067,0.000,792.755,World,37.9,-1.0,False,False,Wall4m
17.68,Anusha,AUIT_Multi,ABC,0.656,1.432,0.830,28.1,4.5,-2.197,1.378,13.812,-26.067,0.000,792.755,World,40.7,-1.0,False,False,Wall4m
17.82,Anusha,AUIT_Multi,ABC,0.683,1.441,0.900,30.1,4.8,-2.197,1.378,13.812,-26.067,0.000,792.755,World,42.8,-1.0,False,False,Wall4m
18.03,Anusha,AUIT_Multi,ABC,0.726,1.446,0.978,27.2,6.5,-2.197,1.378,13.812,-26.067,0.000,792.755,Video,40.4,-1.0,False,False,Video Quad
18.17,Anusha,AUIT_Multi,ABC,0.760,1.447,1.018,22.8,5.6,-2.197,1.378,13.812,-26.067,0.000,792.755,Video,36.1,-1.0,False,False,Video Quad
18.31,Anusha,AUIT_Multi,ABC,0.804,1.455,1.053,17.8,3.9,-2.197,1.378,13.812,-26.067,0.000,792.755,Video,31.2,-1.0,False,False,Video Quad
18.45,Anusha,AUIT_Multi,ABC,0.851,1.457,1.097,13.8,2.2,-2.197,1.378,13.812,-26.067,0.000,792.755,World,27.4,-1.0,False,False,RightHandAnchor
18.67,Anusha,AUIT_Multi,ABC,0.889,1.478,1.146,357.9,351.0,-2.197,1.378,13.812,-26.067,0.000,792.755,World,14.9,-1.0,False,False,RightHandAnchor
18.81,Anusha,AUIT_Multi,ABC,0.901,1.488,1.157,351.6,345.1,-2.197,1.378,13.812,-26.067,0.000,792.755,World,16.2,-1.0,False,False,CabinetD05
18.95,Anusha,AUIT_Multi,ABC,0.907,1.492,1.167,350.5,342.7,-2.197,1.378,13.812,-26.067,0.000,792.755,World,18.3,-1.0,False,False,RightHandAnchor
19.20,Anusha,AUIT_Multi,ABC,0.891,1.490,1.177,351.5,344.9,-2.197,1.378,13.812,-26.067,0.000,792.755,World,16.4,-1.0,False,False,CabinetD05
19.34,Anusha,AUIT_Multi,ABC,0.880,1.489,1.181,354.1,346.2,-2.197,1.378,13.812,-26.067,0.000,792.755,World,16.2,-1.0,False,False,CabinetD05
19.48,Anusha,AUIT_Multi,ABC,0.864,1.489,1.185,354.1,345.9,-2.197,1.378,13.812,-26.067,0.000,792.755,World,16.5,-1.0,False,False,CabinetD05
19.62,Anusha,AUIT_Multi,ABC,0.853,1.488,1.193,358.3,346.9,-2.197,1.378,13.812,-26.067,0.000,792.755,World,18.0,-1.0,False,False,CabinetD05
19.75,Anusha,AUIT_Multi,ABC,0.844,1.487,1.198,358.6,347.3,-2.197,1.378,13.812,-26.067,0.000,792.755,World,17.9,-1.0,False,False,CabinetD05
19.89,Anusha,AUIT_Multi,ABC,0.837,1.487,1.202,358.9,347.2,-2.197,1.378,13.812,-26.067,0.000,792.755,World,18.2,-1.0,False,False,CabinetD05
20.03,Anusha,AUIT_Multi,ABC,0.835,1.486,1.205,359.4,347.2,-2.197,1.378,13.812,-26.067,0.000,792.755,World,18.4,-1.0,False,False,CabinetD05
20.17,Anusha,AUIT_Multi,ABC,0.834,1.487,1.208,359.7,347.1,-2.197,1.378,13.812,-26.067,0.000,792.755,World,18.8,-1.0,False,False,CabinetD05
20.31,Anusha,AUIT_Multi,ABC,0.837,1.487,1.209,359.8,347.1,-2.197,1.378,13.812,-26.067,0.000,792.755,World,18.8,-1.0,False,False,CabinetD05
20.45,Anusha,AUIT_Multi,ABC,0.840,1.486,1.210,359.4,347.2,-2.197,1.378,13.812,-26.067,0.000,792.755,World,18.4,-1.0,False,False,CabinetD05
20.59,Anusha,AUIT_Multi,ABC,0.842,1.486,1.211,357.9,347.5,-2.197,1.378,13.812,-26.067,0.000,792.755,World,17.3,-1.0,False,False,CabinetD05
20.73,Anusha,AUIT_Multi,ABC,0.829,1.488,1.208,346.3,346.3,-2.197,1.378,13.812,-26.067,0.000,792.755,World,14.2,-1.0,False,False,CabinetD05
20.87,Anusha,AUIT_Multi,ABC,0.832,1.487,1.207,345.3,346.8,-2.197,1.378,13.812,-26.067,0.000,792.755,World,13.7,-1.0,False,False,CabinetD05
21.00,Anusha,AUIT_Multi,ABC,0.837,1.484,1.208,348.7,348.2,-2.197,1.378,13.812,-26.067,0.000,792.755,World,12.4,-1.0,False,False,CabinetD05
21.14,Anusha,AUIT_Multi,ABC,0.841,1.485,1.211,352.4,348.7,-2.197,1.378,13.812,-26.067,0.000,792.755,World,13.2,-1.0,False,False,CabinetD05
21.28,Anusha,AUIT_Multi,ABC,0.847,1.484,1.213,356.0,349.3,-2.197,1.378,13.812,-26.067,0.000,792.755,Video,14.7,-1.0,False,False,Video Quad
21.42,Anusha,AUIT_Multi,ABC,0.862,1.483,1.212,4.7,350.2,-2.197,1.378,13.812,-26.067,0.000,792.755,Video,21.0,-1.0,False,False,Video Quad
21.56,Anusha,AUIT_Multi,ABC,0.877,1.483,1.210,14.0,349.4,-2.197,1.378,13.812,-26.067,0.000,792.755,Video,29.7,-1.0,False,False,Video Quad
21.70,Anusha,AUIT_Multi,ABC,0.877,1.484,1.213,12.4,348.5,-2.197,1.378,13.812,-26.067,0.000,792.755,World,28.6,-1.0,False,False,CabinetD05
21.84,Anusha,AUIT_Multi,ABC,0.873,1.486,1.220,8.3,348.0,-2.197,1.378,13.812,-26.067,0.000,792.755,World,25.1,-1.0,False,False,CabinetD05
21.98,Anusha,AUIT_Multi,ABC,0.874,1.488,1.235,3.5,346.6,-2.197,1.378,13.812,-26.067,0.000,792.755,World,22.0,-1.0,False,False,CabinetD05
22.12,Anusha,AUIT_Multi,ABC,0.876,1.482,1.259,357.2,347.6,-2.197,1.378,13.812,-26.067,0.000,792.755,World,16.8,-1.0,False,False,CabinetD05
22.25,Anusha,AUIT_Multi,ABC,0.872,1.481,1.296,357.2,346.8,-2.197,1.378,13.812,-26.067,0.000,792.755,World,17.5,-1.0,False,False,CabinetD05
22.39,Anusha,AUIT_Multi,ABC,0.854,1.482,1.342,0.0,345.5,-2.197,1.378,13.812,-26.067,0.000,792.755,World,20.3,-1.0,False,False,CabinetD05
22.53,Anusha,AUIT_Multi,ABC,0.834,1.487,1.395,2.0,343.6,-2.197,1.378,13.812,-26.067,0.000,792.755,World,23.0,-1.0,False,False,CabinetD05
22.67,Anusha,AUIT_Multi,ABC,0.822,1.494,1.430,3.5,344.2,-2.197,1.378,13.812,-26.067,0.000,792.755,World,23.6,-1.0,False,False,CabinetD05
22.81,Anusha,AUIT_Multi,ABC,0.815,1.496,1.451,5.8,345.3,-2.197,1.378,13.812,-26.067,0.000,792.755,World,24.5,-1.0,False,False,CabinetD05
22.95,Anusha,AUIT_Multi,ABC,0.810,1.497,1.454,5.7,345.1,-2.197,1.378,13.812,-26.067,0.000,792.755,World,24.6,-1.0,False,False,CabinetD05
23.09,Anusha,AUIT_Multi,ABC,0.808,1.498,1.450,5.1,344.4,-2.197,1.378,13.812,-26.067,0.000,792.755,World,24.6,-1.0,False,False,CabinetD05
23.23,Anusha,AUIT_Multi,ABC,0.808,1.499,1.439,5.2,343.8,-2.197,1.378,13.812,-26.067,0.000,792.755,World,25.0,-1.0,False,False,CabinetD05
23.37,Anusha,AUIT_Multi,ABC,0.809,1.499,1.426,4.5,342.9,-2.197,1.378,13.812,-26.067,0.000,792.755,World,25.1,-1.0,False,False,CabinetD05
23.50,Anusha,AUIT_Multi,ABC,0.809,1.498,1.410,3.9,342.3,-2.197,1.378,13.812,-26.067,0.000,792.755,World,25.1,-1.0,False,False,CabinetD05
23.64,Anusha,AUIT_Multi,ABC,0.812,1.497,1.385,3.4,342.0,-2.197,1.378,13.812,-26.067,0.000,792.755,World,25.0,-1.0,False,False,_Jar
23.78,Anusha,AUIT_Multi,ABC,0.820,1.490,1.350,4.1,343.0,-2.197,1.378,13.812,-26.067,0.000,792.755,World,24.7,-1.0,False,False,_Jar
24.03,Anusha,AUIT_Multi,ABC,0.846,1.481,1.277,5.1,345.5,-2.197,1.378,13.812,-26.067,0.000,792.755,Video,23.8,-1.0,False,False,Video Quad
24.17,Anusha,AUIT_Multi,ABC,0.865,1.474,1.242,5.6,347.8,-2.197,1.378,13.812,-26.067,0.000,792.755,Video,22.9,-1.0,False,False,Video Quad
24.31,Anusha,AUIT_Multi,ABC,0.884,1.470,1.215,5.2,350.3,-2.197,1.378,13.812,-26.067,0.000,792.755,Video,21.4,-1.0,False,False,Video Quad
24.45,Anusha,AUIT_Multi,ABC,0.899,1.474,1.192,4.7,349.8,-2.197,1.378,13.812,-26.067,0.000,792.755,Video,21.3,-1.0,False,False,Video Quad
24.59,Anusha,AUIT_Multi,ABC,0.915,1.472,1.180,6.6,352.2,-2.197,1.378,13.812,-26.067,0.000,792.755,Video,22.0,-1.0,False,False,Video Quad
24.73,Anusha,AUIT_Multi,ABC,0.927,1.467,1.175,9.1,355.2,-2.197,1.378,13.812,-26.067,0.000,792.755,World,23.6,-1.0,False,False,CabinetD05
24.87,Anusha,AUIT_Multi,ABC,0.933,1.465,1.175,10.3,356.6,-2.197,1.378,13.812,-26.067,0.000,792.755,World,24.4,-1.0,False,False,CabinetD05
25.00,Anusha,AUIT_Multi,ABC,0.935,1.462,1.175,10.1,358.3,-2.197,1.378,13.812,-26.067,0.000,792.755,World,24.1,-1.0,False,False,CabinetD05
25.14,Anusha,AUIT_Multi,ABC,0.932,1.464,1.175,8.9,357.0,-2.197,1.378,13.812,-26.067,0.000,792.755,World,23.0,-1.0,False,False,RightHandAnchor
25.28,Anusha,AUIT_Multi,ABC,0.927,1.466,1.173,6.6,355.5,-2.197,1.378,13.812,-26.067,0.000,792.755,World,21.1,-1.0,False,False,RightHandAnchor
25.42,Anusha,AUIT_Multi,ABC,0.919,1.473,1.171,2.0,351.0,-2.197,1.378,13.812,-26.067,0.000,792.755,World,18.4,-1.0,False,False,RightHandAnchor
25.56,Anusha,AUIT_Multi,ABC,0.911,1.479,1.169,355.4,345.6,-2.197,1.378,13.812,-26.067,0.000,792.755,Video,17.4,-1.0,False,False,Video Quad
25.70,Anusha,AUIT_Multi,ABC,0.902,1.481,1.164,349.7,345.0,-2.197,1.378,13.812,-26.067,0.000,792.755,Video,15.8,-1.0,False,False,Video Quad
25.84,Anusha,AUIT_Multi,ABC,0.886,1.483,1.160,346.0,344.0,-2.197,1.378,13.812,-26.067,0.000,792.755,Video,16.5,-1.0,False,False,Video Quad
25.98,Anusha,AUIT_Multi,ABC,0.858,1.482,1.161,340.3,344.6,-2.197,1.378,13.812,-26.067,0.000,792.755,World,17.0,-1.0,False,False,CabinetD06
26.12,Anusha,AUIT_Multi,ABC,0.817,1.480,1.164,333.8,345.1,-2.197,1.378,13.812,-26.067,0.000,792.755,World,19.9,-1.0,False,False,CabinetD06
26.26,Anusha,AUIT_Multi,ABC,0.770,1.484,1.170,330.4,345.4,-2.197,1.378,13.812,-26.067,0.000,792.755,World,22.1,-1.0,False,False,CabinetD06
26.39,Anusha,AUIT_Multi,ABC,0.719,1.487,1.176,328.7,345.2,-2.197,1.378,13.812,-26.067,0.000,792.755,World,23.7,-1.0,False,False,CabinetD06
26.66,Anusha,AUIT_Multi,ABC,0.622,1.490,1.188,330.4,344.5,-2.197,1.378,13.812,-26.067,0.000,792.755,World,23.2,-1.0,False,False,RightHandAnchor
26.80,Anusha,AUIT_Multi,ABC,0.589,1.490,1.194,332.7,345.4,-2.197,1.378,13.812,-26.067,0.000,792.755,World,21.1,-1.0,False,False,CabinetD06
26.94,Anusha,AUIT_Multi,ABC,0.572,1.488,1.201,334.2,345.2,-2.197,1.378,13.812,-26.067,0.000,792.755,World,20.2,-1.0,False,False,CabinetD06
27.07,Anusha,AUIT_Multi,ABC,0.570,1.486,1.204,335.1,346.0,-2.197,1.378,13.812,-26.067,0.000,792.755,World,19.1,-1.0,False,False,CabinetD06
27.21,Anusha,AUIT_Multi,ABC,0.586,1.484,1.206,338.8,346.0,-2.197,1.378,13.812,-26.067,0.000,792.755,World,16.9,-1.0,False,False,_Jar
27.35,Anusha,AUIT_Multi,ABC,0.608,1.482,1.208,344.7,346.7,-2.197,1.378,13.812,-26.067,0.000,792.755,World,14.0,-1.0,False,False,_Jar
27.49,Anusha,AUIT_Multi,ABC,0.636,1.480,1.210,351.4,347.2,-2.197,1.378,13.812,-26.067,0.000,792.755,World,13.8,-1.0,False,False,CabinetD06
27.63,Anusha,AUIT_Multi,ABC,0.664,1.480,1.213,358.2,347.9,-2.197,1.378,13.812,-26.067,0.000,792.755,World,16.6,-1.0,False,False,Wall4m
27.77,Anusha,AUIT_Multi,ABC,0.697,1.476,1.216,6.0,351.1,-2.197,1.378,13.812,-26.067,0.000,792.755,World,21.0,-1.0,False,False,CabinetD05
27.91,Anusha,AUIT_Multi,ABC,0.731,1.471,1.217,13.6,355.4,-2.197,1.378,13.812,-26.067,0.000,792.755,World,27.2,-1.0,False,False,CabinetD05
28.05,Anusha,AUIT_Multi,ABC,0.761,1.465,1.217,18.4,359.7,-2.197,1.378,13.812,-26.067,0.000,792.755,World,31.6,-1.0,False,False,CabinetD05
28.19,Anusha,AUIT_Multi,ABC,0.785,1.460,1.218,21.4,2.9,-2.197,1.378,13.812,-26.067,0.000,792.755,World,34.8,-1.0,False,False,Wall4m
28.32,Anusha,AUIT_Multi,ABC,0.806,1.456,1.221,23.2,6.1,-2.197,1.378,13.812,-26.067,0.000,792.755,World,37.0,-1.0,False,False,Wall4m
28.46,Anusha,AUIT_Multi,ABC,0.822,1.453,1.222,23.0,7.2,-2.197,1.378,13.812,-26.067,0.000,792.755,World,37.0,-1.0,False,False,Wall4m
28.60,Anusha,AUIT_Multi,ABC,0.835,1.452,1.222,22.4,7.8,-2.197,1.378,13.812,-26.067,0.000,792.755,World,36.6,-1.0,False,False,RightHandAnchor
28.74,Anusha,AUIT_Multi,ABC,0.843,1.449,1.224,21.4,9.0,-2.197,1.378,13.812,-26.067,0.000,792.755,World,35.9,-1.0,False,False,RightHandAnchor
28.88,Anusha,AUIT_Multi,ABC,0.842,1.455,1.229,18.9,6.1,-2.197,1.378,13.812,-26.067,0.000,792.755,World,32.9,-1.0,False,False,RightHandAnchor
29.02,Anusha,AUIT_Multi,ABC,0.826,1.473,1.237,9.8,353.6,-2.197,1.378,13.812,-26.067,0.000,792.755,World,24.2,-1.0,False,False,RightHandAnchor
29.16,Anusha,AUIT_Multi,ABC,0.811,1.480,1.239,2.5,349.4,-2.197,1.378,13.812,-26.067,0.000,792.755,Video,19.4,-1.0,False,False,Video Quad
29.30,Anusha,AUIT_Multi,ABC,0.805,1.482,1.241,1.6,348.6,-2.197,1.378,13.812,-26.067,0.000,792.755,Video,19.0,-1.0,False,False,Video Quad
29.44,Anusha,AUIT_Multi,ABC,0.808,1.483,1.246,1.4,348.5,-2.197,1.378,13.812,-26.067,0.000,792.755,Video,19.0,-1.0,False,False,Video Quad
29.58,Anusha,AUIT_Multi,ABC,0.818,1.483,1.252,0.8,347.3,-2.197,1.378,13.812,-26.067,0.000,792.755,Video,19.3,-1.0,False,False,Video Quad
29.71,Anusha,AUIT_Multi,ABC,0.836,1.479,1.265,0.3,346.6,-2.197,1.378,13.812,-26.067,0.000,792.755,Video,19.6,-1.0,False,False,Video Quad
29.85,Anusha,AUIT_Multi,ABC,0.848,1.476,1.294,358.5,348.5,-2.197,1.378,13.812,-26.067,0.000,792.755,Video,17.0,-1.0,False,False,Video Quad
29.99,Anusha,AUIT_Multi,ABC,0.845,1.477,1.331,358.5,346.1,-2.197,1.378,13.812,-26.067,0.000,792.755,Video,18.8,-1.0,False,False,Video Quad
30.13,Anusha,AUIT_Multi,ABC,0.838,1.487,1.361,0.8,346.0,-2.197,1.378,13.812,-26.067,0.000,792.755,Video,20.4,-1.0,False,False,Video Quad
30.27,Anusha,AUIT_Multi,ABC,0.830,1.489,1.382,2.0,345.8,-2.197,1.378,13.812,-26.067,0.000,792.755,Video,21.4,-1.0,False,False,Video Quad
30.41,Anusha,AUIT_Multi,ABC,0.826,1.489,1.395,2.4,346.8,-2.197,1.378,13.812,-26.067,0.000,792.755,Video,21.0,-1.0,False,False,Video Quad
30.55,Anusha,AUIT_Multi,ABC,0.824,1.486,1.403,3.0,347.3,-2.197,1.378,13.812,-26.067,0.000,792.755,Video,21.1,-1.0,False,False,Video Quad
30.69,Anusha,AUIT_Multi,ABC,0.822,1.486,1.406,3.0,347.5,-2.197,1.378,13.812,-26.067,0.000,792.755,Video,21.1,-1.0,False,False,Video Quad
30.83,Anusha,AUIT_Multi,ABC,0.822,1.485,1.402,3.5,347.9,-2.197,1.378,13.812,-26.067,0.000,792.755,Video,21.2,-1.0,False,False,Video Quad
30.96,Anusha,AUIT_Multi,ABC,0.823,1.485,1.391,3.3,347.5,-2.197,1.378,13.812,-26.067,0.000,792.755,Video,21.2,-1.0,False,False,Video Quad
31.10,Anusha,AUIT_Multi,ABC,0.825,1.481,1.373,3.0,347.3,-2.197,1.378,13.812,-26.067,0.000,792.755,Video,21.1,-1.0,False,False,Video Quad
31.24,Anusha,AUIT_Multi,ABC,0.831,1.481,1.348,1.9,346.7,-2.197,1.378,13.812,-26.067,0.000,792.755,Video,20.6,-1.0,False,False,Video Quad
31.38,Anusha,AUIT_Multi,ABC,0.837,1.480,1.319,0.6,346.2,-2.197,1.378,13.812,-26.067,0.000,792.755,Video,20.1,-1.0,False,False,Video Quad
31.52,Anusha,AUIT_Multi,ABC,0.841,1.479,1.294,358.7,346.3,-2.197,1.378,13.812,-26.067,0.000,792.755,Video,18.7,-1.0,False,False,Video Quad
31.66,Anusha,AUIT_Multi,ABC,0.845,1.478,1.272,357.5,346.1,-2.197,1.378,13.812,-26.067,0.000,792.755,Video,18.1,-1.0,False,False,Video Quad
31.80,Anusha,AUIT_Multi,ABC,0.849,1.476,1.254,355.9,346.0,-2.197,1.378,13.812,-26.067,0.000,792.755,Video,17.2,-1.0,False,False,Video Quad
31.93,Anusha,AUIT_Multi,ABC,0.852,1.477,1.243,355.5,345.6,-2.197,1.378,13.812,-26.067,0.000,792.755,Video,17.4,-1.0,False,False,Video Quad
32.07,Anusha,AUIT_Multi,ABC,0.855,1.478,1.234,356.0,345.2,-2.197,1.378,13.812,-26.067,0.000,792.755,Video,18.0,-1.0,False,False,Video Quad
32.21,Anusha,AUIT_Multi,ABC,0.858,1.478,1.227,356.5,344.9,-2.197,1.378,13.812,-26.067,0.000,792.755,World,18.5,-1.0,False,False,CabinetD05
32.35,Anusha,AUIT_Multi,ABC,0.860,1.480,1.217,355.8,343.9,-2.197,1.378,13.812,-26.067,0.000,792.755,World,19.0,-1.0,False,False,CabinetD05
32.49,Anusha,AUIT_Multi,ABC,0.864,1.480,1.203,355.3,343.0,-2.197,1.378,13.812,-26.067,0.000,792.755,World,19.6,-1.0,False,False,CabinetD05
32.63,Anusha,AUIT_Multi,ABC,0.867,1.480,1.187,354.2,342.5,-2.197,1.378,13.812,-26.067,0.000,792.755,World,19.6,-1.0,False,False,CabinetD05
32.77,Anusha,AUIT_Multi,ABC,0.872,1.480,1.166,353.1,341.8,-2.197,1.378,13.812,-26.067,0.000,792.755,World,19.8,-1.0,False,False,CabinetD05
32.91,Anusha,AUIT_Multi,ABC,0.876,1.478,1.143,352.0,340.7,-2.197,1.378,13.812,-26.067,0.000,792.755,World,20.5,-1.0,False,False,CabinetD05
33.05,Anusha,AUIT_Multi,ABC,0.882,1.479,1.121,351.7,339.0,-2.197,1.378,13.812,-26.067,0.000,792.755,World,22.1,-1.0,False,False,CabinetD05
33.18,Anusha,AUIT_Multi,ABC,0.891,1.478,1.103,352.7,338.6,-2.197,1.378,13.812,-26.067,0.000,792.755,World,22.7,-1.0,False,False,CabinetD05
33.32,Anusha,AUIT_Multi,ABC,0.898,1.478,1.092,353.9,338.4,-2.197,1.378,13.812,-26.067,0.000,792.755,World,23.2,-1.0,False,False,CabinetD05
33.46,Anusha,AUIT_Multi,ABC,0.898,1.477,1.089,353.2,338.6,-2.197,1.378,13.812,-26.067,0.000,792.755,World,22.9,-1.0,False,False,CabinetD05
33.60,Anusha,AUIT_Multi,ABC,0.899,1.476,1.089,353.5,339.1,-2.197,1.378,13.812,-26.067,0.000,792.755,World,22.4,-1.0,False,False,CabinetD05
33.74,Anusha,AUIT_Multi,ABC,0.898,1.475,1.093,353.5,339.7,-2.197,1.378,13.812,-26.067,0.000,792.755,World,21.8,-1.0,False,False,CabinetD05
33.91,Anusha,AUIT_Multi,ABC,0.899,1.475,1.098,353.3,340.6,-2.197,1.378,13.812,-26.067,0.000,792.755,World,21.0,-1.0,False,False,CabinetD05
34.04,Anusha,AUIT_Multi,ABC,0.899,1.475,1.102,353.3,341.1,-2.197,1.378,13.812,-26.067,0.000,792.755,World,20.5,-1.0,False,False,CabinetD05
34.18,Anusha,AUIT_Multi,ABC,0.900,1.474,1.104,353.2,341.5,-2.197,1.378,13.812,-26.067,0.000,792.755,World,20.1,-1.0,False,False,CabinetD05
34.32,Anusha,AUIT_Multi,ABC,0.900,1.474,1.106,352.9,341.7,-2.197,1.378,13.812,-26.067,0.000,792.755,World,19.8,-1.0,False,False,CabinetD05
34.46,Anusha,AUIT_Multi,ABC,0.902,1.474,1.108,352.8,341.8,-2.197,1.378,13.812,-26.067,0.000,792.755,World,19.7,-1.0,False,False,CabinetD05
34.60,Anusha,AUIT_Multi,ABC,0.903,1.474,1.108,352.9,341.9,-2.197,1.378,13.812,-26.067,0.000,792.755,World,19.6,-1.0,False,False,CabinetD05
34.74,Anusha,AUIT_Multi,ABC,0.905,1.474,1.109,352.8,342.0,-2.197,1.378,13.812,-26.067,0.000,792.755,World,19.5,-1.0,False,False,CabinetD05
34.88,Anusha,AUIT_Multi,ABC,0.907,1.474,1.109,352.8,342.0,-2.197,1.378,13.812,-26.067,0.000,792.755,World,19.5,-1.0,False,False,CabinetD05
35.01,Anusha,AUIT_Multi,ABC,0.908,1.474,1.110,352.7,342.1,-2.197,1.378,13.812,-26.067,0.000,792.755,World,19.4,-1.0,False,False,CabinetD05
35.15,Anusha,AUIT_Multi,ABC,0.909,1.474,1.110,352.7,342.1,-2.197,1.378,13.812,-26.067,0.000,792.755,World,19.4,-1.0,False,False,CabinetD05
35.29,Anusha,AUIT_Multi,ABC,0.910,1.474,1.110,352.4,342.0,-2.197,1.378,13.812,-26.067,0.000,792.755,World,19.4,-1.0,False,False,CabinetD05
35.43,Anusha,AUIT_Multi,ABC,0.909,1.474,1.110,352.2,342.1,-2.197,1.378,13.812,-26.067,0.000,792.755,World,19.3,-1.0,False,False,CabinetD05
35.57,Anusha,AUIT_Multi,ABC,0.910,1.474,1.111,352.4,342.3,-2.197,1.378,13.812,-26.067,0.000,792.755,World,19.1,-1.0,False,False,CabinetD05
35.71,Anusha,AUIT_Multi,ABC,0.910,1.474,1.113,352.5,342.6,-2.197,1.378,13.812,-26.067,0.000,792.755,World,18.9,-1.0,False,False,CabinetD05
35.85,Anusha,AUIT_Multi,ABC,0.910,1.473,1.114,352.7,342.9,-2.197,1.378,13.812,-26.067,0.000,792.755,World,18.7,-1.0,False,False,CabinetD05
35.99,Anusha,AUIT_Multi,ABC,0.910,1.473,1.114,352.7,343.0,-2.197,1.378,13.812,-26.067,0.000,792.755,World,18.6,-1.0,False,False,CabinetD05
36.13,Anusha,AUIT_Multi,ABC,0.910,1.473,1.114,352.8,343.1,-2.197,1.378,13.812,-26.067,0.000,792.755,World,18.5,-1.0,False,False,CabinetD05
36.27,Anusha,AUIT_Multi,ABC,0.910,1.473,1.114,352.8,343.3,-2.197,1.378,13.812,-26.067,0.000,792.755,World,18.3,-1.0,False,False,CabinetD05
36.40,Anusha,AUIT_Multi,ABC,0.910,1.473,1.113,352.5,343.6,-2.197,1.378,13.812,-26.067,0.000,792.755,World,17.9,-1.0,False,False,CabinetD05
36.54,Anusha,AUIT_Multi,ABC,0.909,1.472,1.113,351.8,343.8,-2.197,1.378,13.812,-26.067,0.000,792.755,World,17.5,-1.0,False,False,CabinetD05
36.68,Anusha,AUIT_Multi,ABC,0.906,1.473,1.116,349.9,344.5,-2.197,1.378,13.812,-26.067,0.000,792.755,World,16.3,-1.0,False,False,CabinetD05
36.82,Anusha,AUIT_Multi,ABC,0.897,1.470,1.122,344.2,346.5,-2.197,1.378,13.812,-26.067,0.000,792.755,Video,14.0,-1.0,False,False,Video Quad
36.96,Anusha,AUIT_Multi,ABC,0.883,1.471,1.125,335.5,347.4,-2.197,1.378,13.812,-26.067,0.000,792.755,World,16.9,-1.0,False,False,CabinetD06
37.10,Anusha,AUIT_Multi,ABC,0.865,1.468,1.127,326.7,349.5,-2.197,1.378,13.812,-26.067,0.000,792.755,World,22.4,-1.0,False,False,CabinetD06
37.24,Anusha,AUIT_Multi,ABC,0.838,1.466,1.134,318.8,352.4,-2.197,1.378,13.812,-26.067,0.000,792.755,World,28.8,-1.0,False,False,CabinetD06
37.40,Anusha,AUIT_Multi,ABC,0.789,1.462,1.152,311.1,357.7,-2.197,1.378,13.812,-26.067,0.000,792.755,World,35.8,-1.0,False,False,CabinetD06Door
37.54,Anusha,AUIT_Multi,ABC,0.732,1.457,1.169,304.8,1.3,-2.197,1.378,13.812,-26.067,0.000,792.755,Video,42.1,-1.0,False,False,Video Quad
37.68,Anusha,AUIT_Multi,ABC,0.668,1.453,1.183,302.5,4.4,-2.197,1.378,13.812,-26.067,0.000,792.755,Video,44.9,-1.0,False,False,Video Quad
37.82,Anusha,AUIT_Multi,ABC,0.603,1.449,1.192,302.7,5.5,-2.197,1.378,13.812,-26.067,0.000,792.755,World,45.1,-1.0,False,False,Wall4m
37.96,Anusha,AUIT_Multi,ABC,0.546,1.442,1.199,301.3,5.6,-2.197,1.378,13.812,-26.067,0.000,792.755,World,46.7,-1.0,False,False,RightHandAnchor
38.10,Anusha,AUIT_Multi,ABC,0.505,1.435,1.207,299.4,8.5,-2.197,1.378,13.812,-26.067,0.000,792.755,World,49.0,-1.0,False,False,RightHandAnchor
38.24,Anusha,AUIT_Multi,ABC,0.481,1.434,1.215,298.5,9.2,-2.197,1.378,13.812,-26.067,0.000,792.755,World,50.1,-1.0,False,False,RightHandAnchor
38.38,Anusha,AUIT_Multi,ABC,0.475,1.436,1.220,300.5,9.5,-2.197,1.378,13.812,-26.067,0.000,792.755,World,48.1,-1.0,False,False,Wall4m
38.63,Anusha,AUIT_Multi,ABC,0.495,1.446,1.226,307.8,6.5,-2.197,1.378,13.812,-26.067,0.000,792.755,World,40.5,-1.0,False,False,Wall4m
38.77,Anusha,AUIT_Multi,ABC,0.522,1.449,1.229,316.5,4.8,-2.197,1.378,13.812,-26.067,0.000,792.755,World,31.6,-1.0,False,False,Wall4m
38.91,Anusha,AUIT_Multi,ABC,0.562,1.452,1.237,328.4,2.7,-2.197,1.378,13.812,-26.067,0.000,792.755,Video,19.3,-1.0,False,False,Video Quad
39.16,Anusha,AUIT_Multi,ABC,0.634,1.455,1.247,349.8,2.3,-2.197,1.378,13.812,-26.067,0.000,792.755,World,3.2,-1.0,False,False,Wall4m
39.29,Anusha,AUIT_Multi,ABC,0.709,1.459,1.247,8.0,1.5,-2.197,1.378,13.812,-26.067,0.000,792.755,World,21.0,-1.0,False,False,CabinetD05
39.43,Anusha,AUIT_Multi,ABC,0.757,1.458,1.244,16.4,1.5,-2.197,1.378,13.812,-26.067,0.000,792.755,World,29.6,-1.0,False,False,CabinetD05
39.57,Anusha,AUIT_Multi,ABC,0.796,1.458,1.241,20.9,2.0,-2.197,1.378,13.812,-26.067,0.000,792.755,World,34.3,-1.0,False,False,CabinetD05
39.75,Anusha,AUIT_Multi,ABC,0.830,1.458,1.238,22.2,2.4,-2.197,1.378,13.812,-26.067,0.000,792.755,World,35.7,-1.0,False,False,Wall4m
39.89,Anusha,AUIT_Multi,ABC,0.843,1.457,1.235,22.6,2.8,-2.197,1.378,13.812,-26.067,0.000,792.755,Video,36.3,-1.0,False,False,Video Quad
40.03,Anusha,AUIT_Multi,ABC,0.847,1.457,1.232,22.0,2.8,-2.197,1.378,13.812,-26.067,0.000,792.755,Video,35.7,-1.0,False,False,Video Quad
40.17,Anusha,AUIT_Multi,ABC,0.844,1.457,1.228,21.9,2.7,-2.197,1.378,13.812,-26.067,0.000,792.755,World,35.6,-1.0,False,False,RightHandAnchor
40.31,Anusha,AUIT_Multi,ABC,0.832,1.457,1.224,21.1,2.7,-2.197,1.378,13.812,-26.067,0.000,792.755,World,34.7,-1.0,False,False,RightHandAnchor
40.45,Anusha,AUIT_Multi,ABC,0.812,1.458,1.222,18.1,2.6,-2.197,1.378,13.812,-26.067,0.000,792.755,World,31.6,-1.0,False,False,RightHandAnchor
40.58,Anusha,AUIT_Multi,ABC,0.779,1.460,1.220,10.0,1.7,-2.197,1.378,13.812,-26.067,0.000,792.755,World,23.4,-1.0,False,False,RightHandAnchor
40.72,Anusha,AUIT_Multi,ABC,0.738,1.461,1.218,358.2,1.5,-2.197,1.378,13.812,-26.067,0.000,792.755,World,11.4,-1.0,False,False,CabinetD05
40.86,Anusha,AUIT_Multi,ABC,0.692,1.460,1.213,343.2,1.9,-2.197,1.378,13.812,-26.067,0.000,792.755,World,4.2,-1.0,False,False,CabinetD06
41.00,Anusha,AUIT_Multi,ABC,0.644,1.456,1.204,329.6,3.0,-2.197,1.378,13.812,-26.067,0.000,792.755,World,17.8,-1.0,False,False,Wall4m
41.14,Anusha,AUIT_Multi,ABC,0.599,1.450,1.195,319.2,3.7,-2.197,1.378,13.812,-26.067,0.000,792.755,World,28.5,-1.0,False,False,Wall4m
41.35,Anusha,AUIT_Multi,ABC,0.551,1.444,1.186,309.4,4.8,-2.197,1.378,13.812,-26.067,0.000,792.755,World,38.5,-1.0,False,False,Wall4m
41.49,Anusha,AUIT_Multi,ABC,0.535,1.444,1.189,310.8,4.9,-2.197,1.378,13.812,-26.067,0.000,792.755,World,37.2,-1.0,False,False,Wall4m
41.63,Anusha,AUIT_Multi,ABC,0.534,1.441,1.201,320.0,5.7,-2.197,1.378,13.812,-26.067,0.000,792.755,Video,28.2,-1.0,False,False,Video Quad
41.77,Anusha,AUIT_Multi,ABC,0.555,1.437,1.221,337.5,7.5,-2.197,1.378,13.812,-26.067,0.000,792.755,World,12.5,-1.0,False,False,Wall4m
41.92,Anusha,AUIT_Multi,ABC,0.597,1.432,1.236,359.6,10.6,-2.197,1.378,13.812,-26.067,0.000,792.755,World,15.9,-1.0,False,False,Wall4m
42.06,Anusha,AUIT_Multi,ABC,0.638,1.435,1.230,11.0,9.3,-2.197,1.378,13.812,-26.067,0.000,792.755,World,25.3,-1.0,False,False,Wall4m
42.20,Anusha,AUIT_Multi,ABC,0.690,1.435,1.204,21.9,9.7,-2.197,1.378,13.812,-26.067,0.000,792.755,World,35.9,-1.0,False,False,Wall4m
42.33,Anusha,AUIT_Multi,ABC,0.745,1.440,1.178,28.7,9.0,-2.197,1.378,13.812,-26.067,0.000,792.755,World,42.6,-1.0,False,False,RightHandAnchor
42.52,Anusha,AUIT_Multi,ABC,0.821,1.442,1.146,31.8,10.4,-2.197,1.378,13.812,-26.067,0.000,792.755,World,46.0,-1.0,False,False,RightHandAnchor
42.65,Anusha,AUIT_Multi,ABC,0.881,1.437,1.123,35.4,12.5,-2.197,1.378,13.812,-26.067,0.000,792.755,World,50.2,-1.0,False,False,Wall4m
42.79,Anusha,AUIT_Multi,ABC,0.934,1.434,1.101,39.8,13.8,-2.197,1.378,13.812,-26.067,0.000,792.755,World,54.7,-1.0,False,False,Wall4m
42.96,Anusha,AUIT_Multi,ABC,0.989,1.433,1.077,47.7,15.0,-2.197,1.378,13.812,-26.067,0.000,792.755,World,62.7,-1.0,False,False,KitchenOven07
43.10,Anusha,AUIT_Multi,ABC,1.036,1.424,1.059,54.9,17.9,-2.197,1.378,13.812,-26.067,0.000,792.755,World,70.1,-1.0,False,False,KitchenOven07
43.24,Anusha,AUIT_Multi,ABC,1.080,1.414,1.050,59.6,21.7,-2.197,1.378,13.812,-26.067,0.000,792.755,World,75.1,-1.0,False,False,KitchenOven07
43.38,Anusha,AUIT_Multi,ABC,1.123,1.400,1.052,61.5,22.8,-2.197,1.378,13.812,-26.067,0.000,792.755,World,77.2,-1.0,False,False,KitchenOven07
43.54,Anusha,AUIT_Multi,ABC,1.183,1.351,1.068,61.5,22.5,-2.197,1.378,13.812,-26.067,0.000,792.755,World,77.4,-1.0,False,False,KitchenOven07
43.68,Anusha,AUIT_Multi,ABC,1.244,1.284,1.091,62.8,24.2,-2.197,1.378,13.812,-26.067,0.000,792.755,World,79.2,-1.0,False,False,KitchenOven07
43.82,Anusha,AUIT_Multi,ABC,1.322,1.209,1.128,65.5,28.9,-2.197,1.378,13.812,-26.067,0.000,792.755,World,82.5,-1.0,False,False,KitchenOven07
44.06,Anusha,AUIT_Multi,ABC,1.407,1.111,1.179,64.3,31.7,-2.197,1.378,13.812,-26.067,0.000,792.755,World,82.3,-1.0,False,False,KitchenOven07
44.20,Anusha,AUIT_Multi,ABC,1.468,1.024,1.237,64.4,36.9,-2.197,1.378,13.812,-26.067,0.000,792.755,World,83.4,-1.0,False,False,MixingBowl
44.34,Anusha,AUIT_Multi,ABC,1.499,0.984,1.275,61.9,40.3,-2.197,1.378,13.812,-26.067,0.000,792.755,World,82.2,-1.0,False,False,MixingBowl
44.47,Anusha,AUIT_Multi,ABC,1.519,0.967,1.304,61.0,40.9,-2.197,1.378,13.812,-26.067,0.000,792.755,World,81.8,-1.0,False,False,MixingBowl
44.72,Anusha,AUIT_Multi,ABC,1.539,0.952,1.345,58.9,40.9,-2.197,1.378,13.812,-26.067,0.000,792.755,World,80.4,-1.0,False,False,KitchenOven07
44.86,Anusha,AUIT_Multi,ABC,1.549,0.939,1.366,57.7,42.6,-2.197,1.378,13.812,-26.067,0.000,792.755,World,79.9,-1.0,False,False,KitchenOven07
45.00,Anusha,AUIT_Multi,ABC,1.556,0.931,1.385,56.2,43.6,-2.197,1.378,13.812,-26.067,0.000,792.755,World,79.2,-1.0,False,False,KitchenOven07
45.14,Anusha,AUIT_Multi,ABC,1.560,0.926,1.398,55.1,43.8,-2.197,1.378,13.812,-26.067,0.000,792.755,World,78.5,-1.0,False,False,KitchenOven07
45.45,Anusha,AUIT_Multi,ABC,1.560,0.925,1.409,53.1,44.3,-2.197,1.378,13.812,-26.067,0.000,792.755,World,77.2,-1.0,False,False,KitchenOven07
45.59,Anusha,AUIT_Multi,ABC,1.558,0.933,1.405,52.5,43.5,-2.197,1.378,13.812,-26.067,0.000,792.755,World,76.5,-1.0,False,False,RightHandAnchor
45.73,Anusha,AUIT_Multi,ABC,1.553,0.948,1.382,54.4,42.8,-2.197,1.378,13.812,-26.067,0.000,792.755,World,77.6,-1.0,False,False,RightHandAnchor
45.86,Anusha,AUIT_Multi,ABC,1.541,0.971,1.345,57.4,40.6,-2.197,1.378,13.812,-26.067,0.000,792.755,World,79.2,-1.0,False,False,RightHandAnchor
46.00,Anusha,AUIT_Multi,ABC,1.518,0.996,1.296,59.6,37.7,-2.197,1.378,13.812,-26.067,0.000,792.755,World,80.1,-1.0,False,False,RightHandAnchor
46.14,Anusha,AUIT_Multi,ABC,1.477,1.029,1.241,60.7,35.1,-2.197,1.378,13.812,-26.067,0.000,792.755,World,80.2,-1.0,False,False,KitchenOven07
46.28,Anusha,AUIT_Multi,ABC,1.416,1.100,1.191,59.4,29.4,-2.197,1.378,13.812,-26.067,0.000,792.755,World,77.9,-1.0,False,False,RightHandAnchor
46.42,Anusha,AUIT_Multi,ABC,1.339,1.185,1.147,57.6,22.0,-2.197,1.378,13.812,-26.067,0.000,792.755,World,74.8,-1.0,False,False,RightHandAnchor
46.56,Anusha,AUIT_Multi,ABC,1.252,1.264,1.109,55.6,17.2,-2.197,1.378,13.812,-26.067,0.000,792.755,World,71.9,-1.0,False,False,RightHandAnchor
46.70,Anusha,AUIT_Multi,ABC,1.170,1.333,1.080,54.9,11.7,-2.197,1.378,13.812,-26.067,0.000,792.755,World,70.2,-1.0,False,False,RightHandAnchor
46.84,Anusha,AUIT_Multi,ABC,1.102,1.385,1.056,54.5,9.5,-2.197,1.378,13.812,-26.067,0.000,792.755,World,69.3,-1.0,False,False,RightHandAnchor
46.98,Anusha,AUIT_Multi,ABC,1.058,1.415,1.043,53.4,7.6,-2.197,1.378,13.812,-26.067,0.000,792.755,World,67.9,-1.0,False,False,Wall4m
47.11,Anusha,AUIT_Multi,ABC,1.044,1.417,1.039,53.0,8.9,-2.197,1.378,13.812,-26.067,0.000,792.755,Video,67.5,-1.0,False,False,Video Quad
47.25,Anusha,AUIT_Multi,ABC,1.044,1.416,1.044,53.0,11.0,-2.197,1.378,13.812,-26.067,0.000,792.755,World,67.7,-1.0,False,False,RightHandAnchor
47.39,Anusha,AUIT_Multi,ABC,1.043,1.408,1.053,52.7,12.3,-2.197,1.378,13.812,-26.067,0.000,792.755,World,67.5,-1.0,False,False,RightHandAnchor
47.53,Anusha,AUIT_Multi,ABC,1.050,1.397,1.063,52.5,14.7,-2.197,1.378,13.812,-26.067,0.000,792.755,Video,67.6,-1.0,False,False,Video Quad
47.67,Anusha,AUIT_Multi,ABC,1.075,1.390,1.073,54.0,16.8,-2.197,1.378,13.812,-26.067,0.000,792.755,World,69.4,-1.0,False,False,RightHandAnchor
47.81,Anusha,AUIT_Multi,ABC,1.108,1.385,1.080,54.1,17.4,-2.197,1.378,13.812,-26.067,0.000,792.755,World,69.7,-1.0,False,False,RightHandAnchor
47.95,Anusha,AUIT_Multi,ABC,1.146,1.373,1.098,52.5,20.6,-2.197,1.378,13.812,-26.067,0.000,792.755,World,68.7,-1.0,False,False,RightHandAnchor
48.09,Anusha,AUIT_Multi,ABC,1.192,1.361,1.126,50.7,22.7,-2.197,1.378,13.812,-26.067,0.000,792.755,World,67.7,-1.0,False,False,KitchenOven07
48.23,Anusha,AUIT_Multi,ABC,1.255,1.322,1.168,49.7,25.3,-2.197,1.378,13.812,-26.067,0.000,792.755,World,67.6,-1.0,False,False,KitchenOven07
48.36,Anusha,AUIT_Multi,ABC,1.336,1.274,1.225,49.7,27.2,-2.197,1.378,13.812,-26.067,0.000,792.755,World,68.4,-1.0,False,False,KitchenOven07
48.60,Anusha,AUIT_Multi,ABC,1.454,1.230,1.306,50.4,30.6,-2.197,1.378,13.812,-26.067,0.000,792.755,World,70.4,-1.0,False,False,KitchenOven07
48.74,Anusha,AUIT_Multi,ABC,1.490,1.221,1.335,52.3,30.8,-2.197,1.378,13.812,-26.067,0.000,792.755,World,72.3,-1.0,False,False,KitchenOven07
48.88,Anusha,AUIT_Multi,ABC,1.505,1.220,1.352,51.9,31.6,-2.197,1.378,13.812,-26.067,0.000,792.755,World,72.2,-1.0,False,False,KitchenOven07
49.02,Anusha,AUIT_Multi,ABC,1.509,1.226,1.359,51.8,30.4,-2.197,1.378,13.812,-26.067,0.000,792.755,World,71.9,-1.0,False,False,KitchenOven07
49.16,Anusha,AUIT_Multi,ABC,1.510,1.231,1.358,52.5,29.9,-2.197,1.378,13.812,-26.067,0.000,792.755,World,72.3,-1.0,False,False,KitchenOven07
49.30,Anusha,AUIT_Multi,ABC,1.515,1.219,1.360,53.5,32.0,-2.197,1.378,13.812,-26.067,0.000,792.755,World,73.6,-1.0,False,False,KitchenOven07
49.43,Anusha,AUIT_Multi,ABC,1.530,1.163,1.377,53.0,41.0,-2.197,1.378,13.812,-26.067,0.000,792.755,World,75.4,-1.0,False,False,KitchenOven07
49.82,Anusha,AUIT_Multi,ABC,1.550,1.128,1.412,54.9,41.4,-2.197,1.378,13.812,-26.067,0.000,792.755,World,77.2,-1.0,False,False,KitchenOven07
49.96,Anusha,AUIT_Multi,ABC,1.550,1.130,1.415,56.1,42.4,-2.197,1.378,13.812,-26.067,0.000,792.755,World,78.2,-1.0,False,False,KitchenOven07
50.10,Anusha,AUIT_Multi,ABC,1.549,1.106,1.413,57.4,47.9,-2.197,1.378,13.812,-26.067,0.000,792.755,World,80.4,-1.0,False,False,KitchenOven07
50.24,Anusha,AUIT_Multi,ABC,1.546,1.080,1.412,58.8,52.6,-2.197,1.378,13.812,-26.067,0.000,792.755,World,82.4,-1.0,False,False,KitchenOven07
50.53,Anusha,AUIT_Multi,ABC,1.544,1.043,1.415,58.8,55.2,-2.197,1.378,13.812,-26.067,0.000,792.755,World,83.0,-1.0,False,False,KitchenOven07
50.67,Anusha,AUIT_Multi,ABC,1.548,1.028,1.420,56.9,56.8,-2.197,1.378,13.812,-26.067,0.000,792.755,World,82.5,-1.0,False,False,KitchenOven07
50.81,Anusha,AUIT_Multi,ABC,1.551,1.038,1.421,54.3,55.4,-2.197,1.378,13.812,-26.067,0.000,792.755,World,80.7,-1.0,False,False,KitchenOven07
50.95,Anusha,AUIT_Multi,ABC,1.546,1.063,1.401,54.1,51.8,-2.197,1.378,13.812,-26.067,0.000,792.755,World,79.5,-1.0,False,False,KitchenOven07
51.09,Anusha,AUIT_Multi,ABC,1.527,1.106,1.357,57.2,46.5,-2.197,1.378,13.812,-26.067,0.000,792.755,World,79.9,-1.0,False,False,KitchenOven07
51.23,Anusha,AUIT_Multi,ABC,1.491,1.151,1.304,58.0,40.4,-2.197,1.378,13.812,-26.067,0.000,792.755,World,78.9,-1.0,False,False,KitchenOven07
51.36,Anusha,AUIT_Multi,ABC,1.448,1.193,1.249,57.2,33.7,-2.197,1.378,13.812,-26.067,0.000,792.755,World,76.7,-1.0,False,False,KitchenOven07
51.50,Anusha,AUIT_Multi,ABC,1.399,1.239,1.188,56.7,26.8,-2.197,1.378,13.812,-26.067,0.000,792.755,World,74.8,-1.0,False,False,KitchenOven07
51.64,Anusha,AUIT_Multi,ABC,1.343,1.287,1.126,56.1,19.6,-2.197,1.378,13.812,-26.067,0.000,792.755,Video,72.9,-1.0,False,False,Video Quad
51.78,Anusha,AUIT_Multi,ABC,1.289,1.327,1.073,56.9,15.2,-2.197,1.378,13.812,-26.067,0.000,792.755,Video,72.9,-1.0,False,False,Video Quad
51.92,Anusha,AUIT_Multi,ABC,1.235,1.368,1.027,57.1,10.9,-2.197,1.378,13.812,-26.067,0.000,792.755,World,72.5,-1.0,False,False,RightHandAnchor
52.09,Anusha,AUIT_Multi,ABC,1.176,1.400,0.992,57.6,6.5,-2.197,1.378,13.812,-26.067,0.000,792.755,World,72.5,-1.0,False,False,RightHandAnchor
52.23,Anusha,AUIT_Multi,ABC,1.146,1.405,0.980,58.1,6.1,-2.197,1.378,13.812,-26.067,0.000,792.755,World,72.8,-1.0,False,False,RightHandAnchor
52.36,Anusha,AUIT_Multi,ABC,1.132,1.406,0.978,57.9,6.6,-2.197,1.378,13.812,-26.067,0.000,792.755,World,72.5,-1.0,False,False,RightHandAnchor
52.50,Anusha,AUIT_Multi,ABC,1.124,1.406,0.980,57.0,6.5,-2.197,1.378,13.812,-26.067,0.000,792.755,World,71.6,-1.0,False,False,RightHandAnchor
52.64,Anusha,AUIT_Multi,ABC,1.119,1.407,0.983,56.0,6.7,-2.197,1.378,13.812,-26.067,0.000,792.755,World,70.6,-1.0,False,False,RightHandAnchor
52.78,Anusha,AUIT_Multi,ABC,1.116,1.408,0.989,55.5,6.9,-2.197,1.378,13.812,-26.067,0.000,792.755,World,70.1,-1.0,False,False,RightHandAnchor
52.92,Anusha,AUIT_Multi,ABC,1.114,1.408,0.995,55.5,6.8,-2.197,1.378,13.812,-26.067,0.000,792.755,World,70.1,-1.0,False,False,RightHandAnchor
53.06,Anusha,AUIT_Multi,ABC,1.113,1.411,0.998,55.7,6.5,-2.197,1.378,13.812,-26.067,0.000,792.755,World,70.3,-1.0,False,False,RightHandAnchor
53.20,Anusha,AUIT_Multi,ABC,1.105,1.421,0.982,62.8,5.2,-2.197,1.378,13.812,-26.067,0.000,792.755,World,77.2,-1.0,False,False,RightHandAnchor
53.34,Anusha,AUIT_Multi,ABC,1.074,1.442,0.952,90.5,1.6,-2.197,1.378,13.812,-26.067,0.000,792.755,World,104.8,-1.0,False,False,Wall4m
53.48,Anusha,AUIT_Multi,ABC,1.056,1.454,0.965,81.5,356.0,-2.197,1.378,13.812,-26.067,0.000,792.755,World,95.7,-1.0,False,False,Wall4m
53.62,Anusha,AUIT_Multi,ABC,1.051,1.455,0.970,76.8,356.1,-2.197,1.378,13.812,-26.067,0.000,792.755,World,91.0,-1.0,False,False,Wall4m
53.75,Anusha,AUIT_Multi,ABC,1.041,1.455,0.975,75.1,355.4,-2.197,1.378,13.812,-26.067,0.000,792.755,World,89.3,-1.0,False,False,Wall4m
53.89,Anusha,AUIT_Multi,ABC,1.030,1.453,0.979,74.6,355.5,-2.197,1.378,13.812,-26.067,0.000,792.755,World,88.8,-1.0,False,False,Wall4m
54.03,Anusha,AUIT_Multi,ABC,1.021,1.453,0.984,74.0,355.1,-2.197,1.378,13.812,-26.067,0.000,792.755,World,88.2,-1.0,False,False,Wall4m
54.17,Anusha,AUIT_Multi,ABC,1.016,1.454,0.985,75.2,352.3,-2.197,1.378,13.812,-26.067,0.000,792.755,World,89.3,-1.0,False,False,Wall4m
54.31,Anusha,AUIT_Multi,ABC,1.013,1.453,0.982,78.1,352.3,-2.197,1.378,13.812,-26.067,0.000,792.755,World,92.2,-1.0,False,False,Wall4m
54.45,Anusha,AUIT_Multi,ABC,1.010,1.452,0.979,78.7,353.4,-2.197,1.378,13.812,-26.067,0.000,792.755,World,92.7,-1.0,False,False,Wall4m
54.59,Anusha,AUIT_Multi,ABC,1.011,1.452,0.974,79.1,353.3,-2.197,1.378,13.812,-26.067,0.000,792.755,World,93.1,-1.0,False,False,Wall4m
54.73,Anusha,AUIT_Multi,ABC,1.012,1.452,0.970,79.4,354.1,-2.197,1.378,13.812,-26.067,0.000,792.755,World,93.5,-1.0,False,False,Wall4m
54.86,Anusha,AUIT_Multi,ABC,1.010,1.456,0.959,85.0,352.2,-2.197,1.378,13.812,-26.067,0.000,792.755,World,99.0,-1.0,False,False,Wall4m
55.00,Anusha,AUIT_Multi,ABC,0.998,1.456,0.934,111.7,351.4,-2.197,1.378,13.812,-26.067,0.000,792.755,World,125.3,-1.0,False,False,Wall4m
55.18,Anusha,AUIT_Multi,ABC,0.992,1.454,0.928,125.4,353.8,-2.197,1.378,13.812,-26.067,0.000,792.755,World,138.9,-1.0,False,False,Wall4m
55.32,Anusha,AUIT_Multi,ABC,0.997,1.452,0.927,125.0,354.8,-2.197,1.378,13.812,-26.067,0.000,792.755,Video,138.7,-1.0,False,False,Video Quad
55.46,Anusha,AUIT_Multi,ABC,1.002,1.451,0.926,124.3,355.6,-2.197,1.378,13.812,-26.067,0.000,792.755,Video,138.1,-1.0,False,False,Video Quad
55.60,Anusha,AUIT_Multi,ABC,1.006,1.452,0.929,119.5,355.4,-2.197,1.378,13.812,-26.067,0.000,792.755,Video,133.4,-1.0,False,False,Video Quad
55.74,Anusha,AUIT_Multi,ABC,1.018,1.458,0.963,86.7,352.2,-2.197,1.378,13.812,-26.067,0.000,792.755,World,100.7,-1.0,False,False,Wall4m
55.88,Anusha,AUIT_Multi,ABC,1.016,1.460,0.993,57.3,350.1,-2.197,1.378,13.812,-26.067,0.000,792.755,World,71.7,-1.0,False,False,CabinetDCorner02
56.02,Anusha,AUIT_Multi,ABC,1.018,1.457,0.998,52.1,351.2,-2.197,1.378,13.812,-26.067,0.000,792.755,World,66.5,-1.0,False,False,CabinetDCorner02
56.15,Anusha,AUIT_Multi,ABC,1.025,1.457,0.999,52.1,351.7,-2.197,1.378,13.812,-26.067,0.000,792.755,World,66.5,-1.0,False,False,CabinetDCorner02
56.35,Anusha,AUIT_Multi,ABC,1.032,1.458,1.001,53.8,351.9,-2.197,1.378,13.812,-26.067,0.000,792.755,Video,68.3,-1.0,False,False,Video Quad
56.49,Anusha,AUIT_Multi,ABC,1.036,1.459,1.004,55.3,351.9,-2.197,1.378,13.812,-26.067,0.000,792.755,Video,69.8,-1.0,False,False,Video Quad
56.63,Anusha,AUIT_Multi,ABC,1.044,1.458,1.011,55.5,352.0,-2.197,1.378,13.812,-26.067,0.000,792.755,Video,70.0,-1.0,False,False,Video Quad
56.77,Anusha,AUIT_Multi,ABC,1.057,1.457,1.022,55.6,352.2,-2.197,1.378,13.812,-26.067,0.000,792.755,Video,70.1,-1.0,False,False,Video Quad
56.90,Anusha,AUIT_Multi,ABC,1.082,1.458,1.042,55.7,351.7,-2.197,1.378,13.812,-26.067,0.000,792.755,Video,70.4,-1.0,False,False,Video Quad
57.04,Anusha,AUIT_Multi,ABC,1.121,1.459,1.074,54.6,352.4,-2.197,1.378,13.812,-26.067,0.000,792.755,World,69.5,-1.0,False,False,CabinetDCorner02
57.18,Anusha,AUIT_Multi,ABC,1.167,1.458,1.113,53.1,353.1,-2.197,1.378,13.812,-26.067,0.000,792.755,World,68.1,-1.0,False,False,CabinetDCorner02
57.32,Anusha,AUIT_Multi,ABC,1.214,1.456,1.150,54.0,354.6,-2.197,1.378,13.812,-26.067,0.000,792.755,World,69.2,-1.0,False,False,CabinetDCorner02
57.46,Anusha,AUIT_Multi,ABC,1.251,1.455,1.177,56.6,354.7,-2.197,1.378,13.812,-26.067,0.000,792.755,World,72.0,-1.0,False,False,CabinetDCorner02
57.60,Anusha,AUIT_Multi,ABC,1.276,1.454,1.193,59.4,355.8,-2.197,1.378,13.812,-26.067,0.000,792.755,World,74.9,-1.0,False,False,CabinetDCorner02
57.74,Anusha,AUIT_Multi,ABC,1.288,1.453,1.203,60.7,356.0,-2.197,1.378,13.812,-26.067,0.000,792.755,World,76.2,-1.0,False,False,CabinetDCorner02
57.89,Anusha,AUIT_Multi,ABC,1.295,1.454,1.208,61.1,355.9,-2.197,1.378,13.812,-26.067,0.000,792.755,World,76.6,-1.0,False,False,CabinetDCorner02
58.03,Anusha,AUIT_Multi,ABC,1.297,1.454,1.209,61.9,356.5,-2.197,1.378,13.812,-26.067,0.000,792.755,World,77.4,-1.0,False,False,CabinetDCorner02
58.17,Anusha,AUIT_Multi,ABC,1.297,1.453,1.210,62.5,356.8,-2.197,1.378,13.812,-26.067,0.000,792.755,World,78.1,-1.0,False,False,CabinetDCorner02
58.31,Anusha,AUIT_Multi,ABC,1.298,1.453,1.211,62.1,357.0,-2.197,1.378,13.812,-26.067,0.000,792.755,World,77.7,-1.0,False,False,CabinetDCorner02
58.56,Anusha,AUIT_Multi,ABC,1.318,1.446,1.255,55.7,358.1,-2.197,1.378,13.812,-26.067,0.000,792.755,World,71.4,-1.0,False,False,CabinetDCorner02
58.70,Anusha,AUIT_Multi,ABC,1.328,1.437,1.288,49.4,0.2,-2.197,1.378,13.812,-26.067,0.000,792.755,World,65.1,-1.0,False,False,CabinetDCorner02
58.84,Anusha,AUIT_Multi,ABC,1.336,1.432,1.309,47.6,1.4,-2.197,1.378,13.812,-26.067,0.000,792.755,World,63.4,-1.0,False,False,CabinetDCorner02
59.11,Anusha,AUIT_Multi,ABC,1.336,1.432,1.320,46.9,0.9,-2.197,1.378,13.812,-26.067,0.000,792.755,World,62.7,-1.0,False,False,CabinetDCorner02
59.25,Anusha,AUIT_Multi,ABC,1.333,1.433,1.317,47.3,0.7,-2.197,1.378,13.812,-26.067,0.000,792.755,World,63.1,-1.0,False,False,CabinetDCorner02
59.39,Anusha,AUIT_Multi,ABC,1.327,1.436,1.306,48.6,0.1,-2.197,1.378,13.812,-26.067,0.000,792.755,World,64.3,-1.0,False,False,CabinetDCorner02
59.53,Anusha,AUIT_Multi,ABC,1.313,1.444,1.279,54.3,358.1,-2.197,1.378,13.812,-26.067,0.000,792.755,World,70.0,-1.0,False,False,CabinetDCorner02
59.67,Anusha,AUIT_Multi,ABC,1.288,1.453,1.238,65.4,354.9,-2.197,1.378,13.812,-26.067,0.000,792.755,World,80.9,-1.0,False,False,CabinetDCorner02
59.81,Anusha,AUIT_Multi,ABC,1.259,1.460,1.194,79.2,352.0,-2.197,1.378,13.812,-26.067,0.000,792.755,Video,94.5,-1.0,False,False,Video Quad
59.95,Anusha,AUIT_Multi,ABC,1.228,1.463,1.153,91.7,351.5,-2.197,1.378,13.812,-26.067,0.000,792.755,Video,106.7,-1.0,False,False,Video Quad
60.09,Anusha,AUIT_Multi,ABC,1.198,1.463,1.122,97.6,351.5,-2.197,1.378,13.812,-26.067,0.000,792.755,World,112.4,-1.0,False,False,Wall4m
60.23,Anusha,AUIT_Multi,ABC,1.171,1.463,1.095,98.9,351.8,-2.197,1.378,13.812,-26.067,0.000,792.755,World,113.6,-1.0,False,False,Wall4m
60.36,Anusha,AUIT_Multi,ABC,1.147,1.459,1.072,99.2,353.7,-2.197,1.378,13.812,-26.067,0.000,792.755,World,113.8,-1.0,False,False,Wall4m
60.50,Anusha,AUIT_Multi,ABC,1.124,1.456,1.047,99.7,355.8,-2.197,1.378,13.812,-26.067,0.000,792.755,World,114.3,-1.0,False,False,Wall4m
60.64,Anusha,AUIT_Multi,ABC,1.104,1.452,1.023,99.9,358.2,-2.197,1.378,13.812,-26.067,0.000,792.755,World,114.4,-1.0,False,False,Wall4m
60.78,Anusha,AUIT_Multi,ABC,1.091,1.441,1.001,98.0,5.2,-2.197,1.378,13.812,-26.067,0.000,792.755,World,112.3,-1.0,False,False,RightHandAnchor
60.92,Anusha,AUIT_Multi,ABC,1.084,1.421,0.985,92.3,16.7,-2.197,1.378,13.812,-26.067,0.000,792.755,World,105.9,-1.0,False,False,RightHandAnchor
61.06,Anusha,AUIT_Multi,ABC,1.080,1.411,0.974,87.5,22.3,-2.197,1.378,13.812,-26.067,0.000,792.755,World,100.8,-1.0,False,False,RightHandAnchor
61.20,Anusha,AUIT_Multi,ABC,1.081,1.401,0.967,83.0,26.6,-2.197,1.378,13.812,-26.067,0.000,792.755,World,96.5,-1.0,False,False,RightHandAnchor
61.34,Anusha,AUIT_Multi,ABC,1.081,1.393,0.966,79.2,29.4,-2.197,1.378,13.812,-26.067,0.000,792.755,World,93.0,-1.0,False,False,RightHandAnchor
61.48,Anusha,AUIT_Multi,ABC,1.080,1.393,0.973,75.3,30.6,-2.197,1.378,13.812,-26.067,0.000,792.755,World,89.6,-1.0,False,False,RightHandAnchor
61.61,Anusha,AUIT_Multi,ABC,1.078,1.391,0.982,71.2,30.9,-2.197,1.378,13.812,-26.067,0.000,792.755,World,86.1,-1.0,False,False,RightHandAnchor
61.86,Anusha,AUIT_Multi,ABC,1.069,1.382,1.006,62.7,32.1,-2.197,1.378,13.812,-26.067,0.000,792.755,World,79.0,-1.0,False,False,RightHandAnchor
62.00,Anusha,AUIT_Multi,ABC,1.054,1.373,1.013,57.6,34.6,-2.197,1.378,13.812,-26.067,0.000,792.755,World,75.1,-1.0,False,False,RightHandAnchor
62.14,Anusha,AUIT_Multi,ABC,1.027,1.363,1.009,53.1,35.6,-2.197,1.378,13.812,-26.067,0.000,792.755,World,71.7,-1.0,False,False,RightHandAnchor
62.35,Anusha,AUIT_Multi,ABC,0.971,1.357,0.956,48.9,34.3,-2.197,1.378,13.812,-26.067,0.000,792.755,World,67.8,-1.0,False,False,RightHandAnchor
62.49,Anusha,AUIT_Multi,ABC,0.919,1.354,0.903,49.0,34.4,-2.197,1.378,13.812,-26.067,0.000,792.755,World,67.7,-1.0,False,False,RightHandAnchor
62.63,Anusha,AUIT_Multi,ABC,0.869,1.360,0.855,47.6,35.0,-2.197,1.378,13.812,-26.067,0.000,792.755,World,66.6,-1.0,False,False,RightHandAnchor
62.76,Anusha,AUIT_Multi,ABC,0.831,1.369,0.817,46.5,34.8,-2.197,1.378,13.812,-26.067,0.000,792.755,World,65.5,-1.0,False,False,RightHandAnchor
62.96,Anusha,AUIT_Multi,ABC,0.795,1.366,0.773,46.1,34.6,-2.197,1.378,13.812,-26.067,0.000,792.755,World,65.0,-1.0,False,False,RightHandAnchor
63.10,Anusha,AUIT_Multi,ABC,0.782,1.366,0.751,45.3,33.9,-2.197,1.378,13.812,-26.067,0.000,792.755,World,64.1,-1.0,False,False,RightHandAnchor
63.24,Anusha,AUIT_Multi,ABC,0.773,1.367,0.736,45.0,33.6,-2.197,1.378,13.812,-26.067,0.000,792.755,World,63.6,-1.0,False,False,RightHandAnchor
63.38,Anusha,AUIT_Multi,ABC,0.766,1.373,0.731,43.8,32.6,-2.197,1.378,13.812,-26.067,0.000,792.755,World,62.3,-1.0,False,False,RightHandAnchor
63.52,Anusha,AUIT_Multi,ABC,0.757,1.376,0.729,43.2,31.9,-2.197,1.378,13.812,-26.067,0.000,792.755,World,61.6,-1.0,False,False,RightHandAnchor
63.65,Anusha,AUIT_Multi,ABC,0.748,1.380,0.727,42.4,30.4,-2.197,1.378,13.812,-26.067,0.000,792.755,World,60.4,-1.0,False,False,RightHandAnchor
63.79,Anusha,AUIT_Multi,ABC,0.744,1.380,0.725,42.3,29.6,-2.197,1.378,13.812,-26.067,0.000,792.755,World,60.0,-1.0,False,False,RightHandAnchor
63.93,Anusha,AUIT_Multi,ABC,0.744,1.373,0.716,44.0,31.7,-2.197,1.378,13.812,-26.067,0.000,792.755,World,62.1,-1.0,False,False,RightHandAnchor
64.07,Anusha,AUIT_Multi,ABC,0.753,1.369,0.709,47.9,32.7,-2.197,1.378,13.812,-26.067,0.000,792.755,World,65.6,-1.0,False,False,RightHandAnchor
64.21,Anusha,AUIT_Multi,ABC,0.767,1.365,0.699,52.9,36.4,-2.197,1.378,13.812,-26.067,0.000,792.755,World,70.6,-1.0,False,False,RightHandAnchor
64.35,Anusha,AUIT_Multi,ABC,0.778,1.362,0.689,56.5,37.8,-2.197,1.378,13.812,-26.067,0.000,792.755,World,73.8,-1.0,False,False,RightHandAnchor
64.49,Anusha,AUIT_Multi,ABC,0.785,1.362,0.672,59.4,38.7,-2.197,1.378,13.812,-26.067,0.000,792.755,World,76.2,-1.0,False,False,RightHandAnchor
64.63,Anusha,AUIT_Multi,ABC,0.774,1.369,0.643,62.7,37.1,-2.197,1.378,13.812,-26.067,0.000,792.755,World,78.4,-1.0,False,False,RightHandAnchor
64.77,Anusha,AUIT_Multi,ABC,0.772,1.385,0.621,62.2,21.1,-2.197,1.378,13.812,-26.067,0.000,792.755,World,75.9,-1.0,False,False,RightHandAnchor
64.90,Anusha,AUIT_Multi,ABC,0.749,1.380,0.593,60.1,27.2,-2.197,1.378,13.812,-26.067,0.000,792.755,World,74.6,-1.0,False,False,RightHandAnchor
65.04,Anusha,AUIT_Multi,ABC,0.716,1.382,0.549,62.4,28.8,-2.197,1.378,13.812,-26.067,0.000,792.755,World,76.7,-1.0,False,False,RightHandAnchor
65.18,Anusha,AUIT_Multi,ABC,0.680,1.382,0.509,62.8,28.4,-2.197,1.378,13.812,-26.067,0.000,792.755,World,76.9,-1.0,False,False,RightHandAnchor
65.32,Anusha,AUIT_Multi,ABC,0.652,1.385,0.478,64.7,29.5,-2.197,1.378,13.812,-26.067,0.000,792.755,World,78.5,-1.0,False,False,RightHandAnchor
65.46,Anusha,AUIT_Multi,ABC,0.632,1.387,0.460,63.1,29.5,-2.197,1.378,13.812,-26.067,0.000,792.755,World,77.0,-1.0,False,False,RightHandAnchor
65.61,Anusha,AUIT_Multi,ABC,0.615,1.392,0.445,60.5,28.4,-2.197,1.378,13.812,-26.067,0.000,792.755,World,74.5,-1.0,False,False,RightHandAnchor
65.75,Anusha,AUIT_Multi,ABC,0.601,1.396,0.433,59.1,27.0,-2.197,1.378,13.812,-26.067,0.000,792.755,World,73.1,-1.0,False,False,RightHandAnchor
65.89,Anusha,AUIT_Multi,ABC,0.591,1.400,0.425,56.4,24.9,-2.197,1.378,13.812,-26.067,0.000,792.755,World,70.2,-1.0,False,False,RightHandAnchor
66.03,Anusha,AUIT_Multi,ABC,0.582,1.405,0.418,53.4,22.9,-2.197,1.378,13.812,-26.067,0.000,792.755,World,67.2,-1.0,False,False,RightHandAnchor
66.17,Anusha,AUIT_Multi,ABC,0.578,1.407,0.410,52.2,21.5,-2.197,1.378,13.812,-26.067,0.000,792.755,World,65.8,-1.0,False,False,RightHandAnchor
66.31,Anusha,AUIT_Multi,ABC,0.580,1.406,0.408,50.0,14.3,-2.197,1.378,13.812,-26.067,0.000,792.755,World,62.6,-1.0,False,False,RightHandAnchor
66.45,Anusha,AUIT_Multi,ABC,0.590,1.434,0.420,45.5,354.9,-2.197,1.378,13.812,-26.067,0.000,792.755,World,57.4,-1.0,False,False,CabinetDCorner02
66.59,Anusha,AUIT_Multi,ABC,0.590,1.465,0.422,40.4,343.8,-2.197,1.378,13.812,-26.067,0.000,792.755,World,54.0,-1.0,False,False,CabinetDCorner02
66.72,Anusha,AUIT_Multi,ABC,0.589,1.478,0.419,37.4,342.9,-2.197,1.378,13.812,-26.067,0.000,792.755,World,51.4,-1.0,False,False,CabinetDCorner02
66.86,Anusha,AUIT_Multi,ABC,0.590,1.490,0.431,36.5,339.1,-2.197,1.378,13.812,-26.067,0.000,792.755,World,51.8,-1.0,False,False,CabinetDCorner02
67.00,Anusha,AUIT_Multi,ABC,0.594,1.496,0.449,32.5,337.8,-2.197,1.378,13.812,-26.067,0.000,792.755,World,48.8,-1.0,False,False,CabinetDCorner02
67.14,Anusha,AUIT_Multi,ABC,0.597,1.514,0.476,29.3,338.6,-2.197,1.378,13.812,-26.067,0.000,792.755,World,45.8,-1.0,False,False,CabinetD05Door
67.28,Anusha,AUIT_Multi,ABC,0.611,1.546,0.539,27.8,351.3,-2.197,1.378,13.812,-26.067,0.000,792.755,World,40.7,-1.0,False,False,CabinetD05Door
67.42,Anusha,AUIT_Multi,ABC,0.635,1.564,0.659,25.8,359.6,-2.197,1.378,13.812,-26.067,0.000,792.755,World,37.9,-1.0,False,False,CabinetD05Door
67.60,Anusha,AUIT_Multi,ABC,0.654,1.558,0.859,11.6,357.2,-2.197,1.378,13.812,-26.067,0.000,792.755,World,24.2,-1.0,False,False,CabinetD05
67.74,Anusha,AUIT_Multi,ABC,0.673,1.524,1.002,7.0,5.1,-2.197,1.378,13.812,-26.067,0.000,792.755,World,20.1,-1.0,False,False,CabinetD05
67.88,Anusha,AUIT_Multi,ABC,0.698,1.477,1.110,345.8,3.9,-2.197,1.378,13.812,-26.067,0.000,792.755,World,3.7,-1.0,False,False,Wall4m
68.02,Anusha,AUIT_Multi,ABC,0.734,1.431,1.182,336.2,3.0,-2.197,1.378,13.812,-26.067,0.000,792.755,World,11.1,-1.0,False,False,Wall4m
68.17,Anusha,AUIT_Multi,ABC,0.805,1.369,1.255,333.8,3.2,-2.197,1.378,13.812,-26.067,0.000,792.755,World,13.1,-1.0,False,False,Wall4m
68.31,Anusha,AUIT_Multi,ABC,0.893,1.323,1.324,328.4,358.1,-2.197,1.378,13.812,-26.067,0.000,792.755,World,17.8,-1.0,False,False,Wall4m
68.45,Anusha,AUIT_Multi,ABC,0.992,1.285,1.381,326.5,349.7,-2.197,1.378,13.812,-26.067,0.000,792.755,World,21.4,-1.0,False,False,CabinetD06
68.59,Anusha,AUIT_Multi,ABC,1.094,1.247,1.424,335.7,350.9,-2.197,1.378,13.812,-26.067,0.000,792.755,World,12.7,-1.0,False,False,Wall4m
68.74,Anusha,AUIT_Multi,ABC,1.194,1.193,1.461,343.9,353.8,-2.197,1.378,13.812,-26.067,0.000,792.755,World,5.4,-1.0,False,False,Wall4m
68.88,Anusha,AUIT_Multi,ABC,1.287,1.137,1.494,347.2,356.3,-2.197,1.378,13.812,-26.067,0.000,792.755,World,4.0,-1.0,False,False,Wall4m
69.02,Anusha,AUIT_Multi,ABC,1.379,1.062,1.534,352.7,355.9,-2.197,1.378,13.812,-26.067,0.000,792.755,World,9.3,-1.0,False,False,Wall4m
69.28,Anusha,AUIT_Multi,ABC,1.508,0.936,1.616,357.4,2.7,-2.197,1.378,13.812,-26.067,0.000,792.755,World,15.1,-1.0,False,False,CabinetDCorner01
69.42,Anusha,AUIT_Multi,ABC,1.547,0.884,1.648,354.4,4.5,-2.197,1.378,13.812,-26.067,0.000,792.755,World,13.3,-1.0,False,False,Wall4m
69.56,Anusha,AUIT_Multi,ABC,1.581,0.834,1.676,346.3,8.9,-2.197,1.378,13.812,-26.067,0.000,792.755,World,11.9,-1.0,False,False,Wall4m
69.70,Anusha,AUIT_Multi,ABC,1.603,0.795,1.706,342.3,6.3,-2.197,1.378,13.812,-26.067,0.000,792.755,World,9.0,-1.0,False,False,CabinetDCorner01
70.11,Anusha,AUIT_Multi,ABC,1.615,0.746,1.737,333.7,6.3,-2.197,1.378,13.812,-26.067,0.000,792.755,World,12.7,-1.0,False,False,CabinetDCorner01
70.25,Anusha,AUIT_Multi,ABC,1.620,0.734,1.736,331.8,2.5,-2.197,1.378,13.812,-26.067,0.000,792.755,World,11.9,-1.0,False,False,CabinetDCorner01
70.39,Anusha,AUIT_Multi,ABC,1.621,0.734,1.734,330.0,2.1,-2.197,1.378,13.812,-26.067,0.000,792.755,World,13.5,-1.0,False,False,CabinetDCorner01
70.53,Anusha,AUIT_Multi,ABC,1.621,0.728,1.733,332.1,1.8,-2.197,1.378,13.812,-26.067,0.000,792.755,World,11.4,-1.0,False,False,CabinetDCorner01
70.95,Anusha,AUIT_Multi,ABC,1.620,0.722,1.727,326.9,1.3,-2.197,1.378,13.812,-26.067,0.000,792.755,World,16.2,-1.0,False,False,CabinetDCorner01
71.09,Anusha,AUIT_Multi,ABC,1.621,0.721,1.726,326.9,0.4,-2.197,1.378,13.812,-26.067,0.000,792.755,World,16.0,-1.0,False,False,CabinetDCorner01
71.23,Anusha,AUIT_Multi,ABC,1.621,0.721,1.726,327.0,359.9,-2.197,1.378,13.812,-26.067,0.000,792.755,World,15.7,-1.0,False,False,CabinetDCorner01
71.66,Anusha,AUIT_Multi,ABC,1.621,0.722,1.727,326.0,0.1,-2.197,1.378,13.812,-26.067,0.000,792.755,World,16.8,-1.0,False,False,CabinetDCorner01
71.81,Anusha,AUIT_Multi,ABC,1.621,0.721,1.727,326.0,0.1,-2.197,1.378,13.812,-26.067,0.000,792.755,World,16.8,-1.0,False,False,CabinetDCorner01
71.95,Anusha,AUIT_Multi,ABC,1.621,0.721,1.727,326.0,0.1,-2.197,1.378,13.812,-26.067,0.000,792.755,World,16.8,-1.0,False,False,CabinetDCorner01
72.09,Anusha,AUIT_Multi,ABC,1.621,0.721,1.727,326.0,0.1,-2.197,1.378,13.812,-26.067,0.000,792.755,World,16.8,-1.0,False,False,CabinetDCorner01
72.52,Anusha,AUIT_Multi,ABC,1.621,0.722,1.727,326.0,0.0,-2.197,1.378,13.812,-26.067,0.000,792.755,World,16.8,-1.0,False,False,CabinetDCorner01
72.66,Anusha,AUIT_Multi,ABC,1.621,0.722,1.727,326.0,0.1,-2.197,1.378,13.812,-26.067,0.000,792.755,World,16.8,-1.0,False,False,CabinetDCorner01
72.80,Anusha,AUIT_Multi,ABC,1.621,0.722,1.727,326.0,0.0,-2.197,1.378,13.812,-26.067,0.000,792.755,World,16.8,-1.0,False,False,CabinetDCorner01
72.94,Anusha,AUIT_Multi,ABC,1.621,0.722,1.727,326.0,0.1,-2.197,1.378,13.812,-26.067,0.000,792.755,World,16.8,-1.0,False,False,CabinetDCorner01
73.36,Anusha,AUIT_Multi,ABC,1.621,0.721,1.727,326.0,0.0,-2.197,1.378,13.812,-26.067,0.000,792.755,World,16.8,-1.0,False,False,CabinetDCorner01
73.50,Anusha,AUIT_Multi,ABC,1.621,0.721,1.727,326.0,0.0,-2.197,1.378,13.812,-26.067,0.000,792.755,World,16.8,-1.0,False,False,CabinetDCorner01
73.64,Anusha,AUIT_Multi,ABC,1.621,0.721,1.727,326.0,0.1,-2.197,1.378,13.812,-26.067,0.000,792.755,World,16.8,-1.0,False,False,CabinetDCorner01
74.07,Anusha,AUIT_Multi,ABC,1.621,0.722,1.727,326.0,0.0,-2.197,1.378,13.812,-26.067,0.000,792.755,World,16.8,-1.0,False,False,CabinetDCorner01
74.21,Anusha,AUIT_Multi,ABC,1.621,0.722,1.727,326.0,0.0,-2.197,1.378,13.812,-26.067,0.000,792.755,World,16.8,-1.0,False,False,CabinetDCorner01
74.37,Anusha,AUIT_Multi,ABC,1.621,0.722,1.727,326.0,0.0,-2.197,1.378,13.812,-26.067,0.000,792.755,World,16.7,-1.0,False,False,CabinetDCorner01
74.50,Anusha,AUIT_Multi,ABC,1.621,0.722,1.727,326.0,0.0,-2.197,1.378,13.812,-26.067,0.000,792.755,World,16.8,-1.0,False,False,CabinetDCorner01
74.92,Anusha,AUIT_Multi,ABC,1.621,0.722,1.727,326.0,0.0,-2.197,1.378,13.812,-26.067,0.000,792.755,World,16.8,-1.0,False,False,CabinetDCorner01
75.06,Anusha,AUIT_Multi,ABC,1.621,0.722,1.727,326.0,0.0,-2.197,1.378,13.812,-26.067,0.000,792.755,World,16.8,-1.0,False,False,CabinetDCorner01
75.20,Anusha,AUIT_Multi,ABC,1.621,0.722,1.727,326.0,0.0,-2.197,1.378,13.812,-26.067,0.000,792.755,World,16.8,-1.0,False,False,CabinetDCorner01
