Time,ParticipantID,Scenario,Sequence,HeadX,HeadY,HeadZ,HeadYaw,HeadPitch,VideoX,VideoY,VideoZ,InstX,InstY,InstZ,GazeTarget,HitObjectName,AngleToVideo,AngleToInst,VideoDist,InstDist,VideoOcc,InstOcc,VideoOccHitName,InstOccHitName,VideoInCone,InstInCone,VideoVisible,InstVisible,VideoSpeed,InstSpeed,PanelSeparation,ScreenOverlapPct,BothVisible
0.00,Nick ,AUIT_Multi,BAC,1.000,0.000,0.500,0.0,0.0,-2.197,1.378,13.812,-26.067,0.000,792.755,World,CabinetDCorner01,14.7,2.0,13.760,792.717,1,1,CabinetD01,CabinetDCorner01,1,1,0,0,0.0000,0.0000,779.309,0.000,0
0.14,Nick ,AUIT_Multi,BAC,1.000,0.000,0.500,0.0,0.0,-1.463,1.055,10.528,-18.765,0.000,583.235,World,CabinetDCorner01,15.0,1.9,10.380,583.070,1,1,CabinetD01,CabinetDCorner01,1,1,0,0,24.6818,1530.6240,572.969,0.047,0
0.21,Nick ,AUIT_Multi,BAC,1.000,0.000,0.500,0.0,0.0,0.382,0.064,2.099,-5.268,0.008,188.350,World,CabinetDCorner01,21.2,1.9,1.716,187.954,1,1,CabinetD02,CabinetD01,1,1,0,0,126.2012,5741.2240,186.336,0.000,0
0.30,Nick ,AUIT_Multi,BAC,1.000,0.000,0.500,0.0,0.0,0.480,0.008,1.650,1.210,0.007,3.062,World,CabinetDCorner01,24.3,4.7,1.262,2.571,1,1,CabinetD02,CabinetDCorner01,1,1,0,0,4.7781,1912.5870,1.590,0.000,0
0.40,Nick ,AUIT_Multi,BAC,1.000,0.000,0.500,0.0,0.0,0.500,0.001,1.598,1.426,0.120,1.438,World,CabinetDCorner01,24.5,25.2,1.207,1.037,1,0,CabinetD02,None,1,0,0,0,0.5700,16.8795,0.947,0.000,0
0.51,Nick ,AUIT_Multi,BAC,1.000,0.000,0.500,0.0,0.0,0.502,0.000,1.593,1.435,0.120,1.456,World,CabinetDCorner01,24.5,25.3,1.201,1.057,1,0,CabinetD02,None,1,0,0,0,0.0586,0.1854,0.950,0.000,0
0.61,Nick ,AUIT_Multi,BAC,1.000,0.000,0.500,0.0,0.0,0.509,-0.001,1.584,1.417,0.114,1.430,World,CabinetDCorner01,24.4,24.9,1.190,1.026,1,0,Floor,None,1,1,0,1,0.1150,0.3301,0.928,0.000,0
0.71,Nick ,AUIT_Multi,BAC,1.000,0.000,0.500,0.0,0.0,0.551,-0.008,1.532,1.298,0.079,1.259,World,CabinetDCorner01,23.5,22.1,1.125,0.819,1,0,Floor,None,1,1,0,1,0.6919,2.1788,0.800,0.000,0
0.80,Nick ,AUIT_Multi,BAC,1.000,0.000,0.500,0.0,0.0,0.593,-0.015,1.480,1.178,0.044,1.087,World,CabinetDCorner01,22.6,17.4,1.061,0.615,1,0,Floor,None,1,1,0,0,0.6931,2.1802,0.707,0.000,0
0.91,Nick ,AUIT_Multi,BAC,0.885,1.884,0.496,19.9,21.7,0.631,-0.020,1.446,1.322,0.096,1.352,World,CabinetDCorner02,47.3,40.3,2.143,2.029,1,0,Floor,None,0,0,0,0,0.4740,2.8409,0.707,0.000,0
1.00,Nick ,AUIT_Multi,BAC,0.880,1.884,0.495,19.9,21.2,0.719,0.249,1.265,1.602,1.283,1.368,World,CabinetDCorner02,48.0,19.1,1.815,1.283,0,0,None,None,0,1,0,1,3.7295,13.5363,1.364,0.000,0
1.10,Nick ,AUIT_Multi,BAC,0.878,1.886,0.493,20.2,20.3,0.762,0.265,1.195,1.710,1.799,1.347,World,CabinetDCorner02,49.8,28.4,1.771,1.196,0,0,None,None,0,0,0,0,0.8330,5.2425,1.809,0.000,0
1.21,Nick ,AUIT_Multi,BAC,0.876,1.889,0.487,20.4,18.9,0.808,0.248,1.123,1.478,1.796,1.204,World,CabinetDCorner02,52.5,23.2,1.761,0.940,0,0,None,None,0,1,0,1,0.7736,2.4388,1.689,0.000,0
1.31,Nick ,AUIT_Multi,BAC,0.876,1.892,0.481,20.4,17.3,0.848,0.248,1.061,1.283,1.804,1.086,World,CabinetDCorner02,55.0,16.8,1.743,0.734,0,0,None,None,0,1,0,0,0.7622,2.3372,1.616,0.000,0
1.41,Nick ,AUIT_Multi,BAC,0.876,1.897,0.475,20.9,14.6,0.890,0.242,1.003,1.517,1.866,1.262,World,CabinetDCorner02,58.9,22.1,1.738,1.016,0,0,None,None,0,1,0,1,0.7292,3.0770,1.761,0.000,0
1.51,Nick ,AUIT_Multi,BAC,0.879,1.902,0.466,23.0,11.7,0.931,0.238,0.948,1.579,1.894,1.318,World,CabinetDCorner02,62.8,19.8,1.733,1.103,0,0,None,None,0,1,0,1,0.7132,0.9069,1.817,0.000,0
1.60,Nick ,AUIT_Multi,BAC,0.888,1.902,0.459,28.0,11.5,0.959,0.537,0.853,1.620,1.901,1.339,World,CabinetDCorner02,62.9,16.4,1.423,1.144,0,0,None,None,0,1,0,1,3.2192,0.4745,1.592,0.000,0
1.70,Nick ,AUIT_Multi,BAC,0.898,1.905,0.454,33.0,9.7,0.977,0.620,0.877,1.479,1.864,1.193,World,CabinetDCorner02,63.4,8.8,1.355,0.940,0,0,None,None,0,1,0,1,0.9055,2.1197,1.378,0.000,0
1.81,Nick ,AUIT_Multi,BAC,0.903,1.912,0.451,34.9,6.0,0.992,0.752,0.881,1.306,1.824,1.046,World,CabinetDCorner02,65.1,1.3,1.240,0.725,0,0,None,None,0,1,0,0,1.1896,2.0596,1.129,0.000,0
1.91,Nick ,AUIT_Multi,BAC,0.903,1.914,0.451,34.3,4.7,1.006,0.869,0.885,1.696,1.880,1.075,World,CabinetDCorner02,63.9,17.7,1.136,1.009,0,0,None,None,0,1,0,1,1.2157,4.0812,1.239,0.000,0
2.01,Nick ,AUIT_Multi,BAC,0.902,1.915,0.452,33.6,4.5,1.019,0.985,0.889,1.855,1.909,1.135,World,CabinetDCorner02,61.1,21.2,1.034,1.172,0,0,None,None,0,1,0,1,1.1976,1.7714,1.271,0.000,0
2.10,Nick ,AUIT_Multi,BAC,0.901,1.916,0.454,33.2,3.9,1.028,1.100,0.893,1.875,1.914,1.149,World,CabinetDCorner02,58.3,21.6,0.935,1.197,0,0,None,None,0,1,0,1,1.1899,0.2520,1.203,0.000,0
2.20,Nick ,AUIT_Multi,BAC,0.900,1.916,0.456,33.3,3.8,1.040,1.214,0.897,1.877,1.916,1.151,World,CabinetDCorner02,54.3,21.6,0.841,1.199,0,0,None,None,0,1,0,1,1.1781,0.0357,1.122,0.000,0
2.31,Nick ,AUIT_Multi,BAC,0.901,1.917,0.457,33.7,3.3,1.054,1.347,0.900,1.878,1.917,1.152,World,CabinetDCorner02,48.9,21.2,0.739,1.199,0,0,None,None,0,1,0,1,1.2032,0.0125,1.033,0.000,0
2.41,Nick ,AUIT_Multi,BAC,0.903,1.919,0.459,35.0,2.4,1.070,1.462,0.903,1.880,1.918,1.153,World,CabinetDCorner02,43.4,19.8,0.658,1.198,0,0,None,None,0,1,0,1,1.1978,0.0219,0.962,0.000,0
2.51,Nick ,AUIT_Multi,BAC,0.907,1.920,0.460,36.7,1.6,1.088,1.578,0.905,1.882,1.919,1.154,World,CabinetDCorner02,36.5,18.0,0.590,1.197,0,0,None,None,0,1,0,1,1.1982,0.0329,0.900,0.000,0
2.60,Nick ,AUIT_Multi,BAC,0.909,1.922,0.461,37.8,0.7,1.109,1.724,0.938,1.885,1.921,1.156,World,CabinetDCorner02,25.0,16.8,0.553,1.197,0,0,None,None,1,1,0,1,1.5573,0.0361,0.829,0.000,0
2.70,Nick ,AUIT_Multi,BAC,0.912,1.923,0.462,39.0,359.9,1.139,1.889,1.043,1.892,1.922,1.151,World,Quad,17.9,15.9,0.625,1.198,0,0,None,None,1,1,0,1,2.0409,0.0873,0.761,0.000,0
2.81,Nick ,AUIT_Multi,BAC,0.914,1.924,0.462,40.6,358.9,1.141,1.920,1.047,1.924,1.923,1.107,World,CabinetDCorner02,19.5,16.9,0.628,1.198,0,0,None,None,1,1,0,1,0.2802,0.4955,0.785,0.000,0
2.91,Nick ,AUIT_Multi,BAC,0.915,1.925,0.463,41.5,358.6,1.140,1.924,1.046,1.954,1.924,1.059,World,CabinetDCorner02,20.4,18.7,0.625,1.198,0,0,None,None,1,1,0,1,0.0418,0.5784,0.814,0.000,0
3.01,Nick ,AUIT_Multi,BAC,0.914,1.926,0.465,39.9,358.4,1.134,1.925,1.045,1.965,1.925,1.042,World,CabinetDCorner02,19.1,21.4,0.620,1.200,0,0,None,None,1,1,0,1,0.0647,0.2065,0.831,0.000,0
3.10,Nick ,AUIT_Multi,BAC,0.913,1.926,0.467,38.7,358.3,1.106,1.926,1.042,1.966,1.926,1.042,World,CabinetDCorner02,20.2,22.7,0.606,1.200,0,0,None,None,1,1,0,1,0.2935,0.0062,0.860,0.000,0
3.20,Nick ,AUIT_Multi,BAC,0.911,1.926,0.470,36.2,358.3,1.070,1.926,1.042,1.966,1.926,1.042,World,CabinetDCorner02,20.7,25.4,0.594,1.200,0,0,None,None,1,0,0,0,0.3651,0.0019,0.896,0.000,0
3.31,Nick ,AUIT_Multi,BAC,0.906,1.927,0.473,31.2,358.0,1.015,1.926,1.047,1.946,1.926,1.075,World,CabinetDCorner02,20.5,28.8,0.584,1.202,0,0,None,None,1,0,0,0,0.4952,0.3400,0.931,0.000,0
3.41,Nick ,AUIT_Multi,BAC,0.900,1.927,0.475,26.0,357.7,0.963,1.927,1.065,1.893,1.927,1.152,World,CabinetDCorner02,20.1,29.8,0.593,1.202,0,0,None,None,1,0,0,0,0.5763,0.9670,0.934,0.000,0
3.51,Nick ,AUIT_Multi,BAC,0.896,1.926,0.477,22.0,358.1,0.906,1.927,1.102,1.827,1.927,1.235,World,CabinetDCorner02,21.1,28.9,0.625,1.200,0,0,None,None,1,0,0,0,0.6937,1.0887,0.930,0.000,0
3.60,Nick ,AUIT_Multi,BAC,0.893,1.925,0.479,19.0,359.0,0.857,1.926,1.156,1.770,1.926,1.298,World,CabinetDCorner02,22.1,28.0,0.678,1.200,0,0,None,None,1,0,0,0,0.7522,0.8723,0.924,0.000,0
3.70,Nick ,AUIT_Multi,BAC,0.891,1.925,0.481,17.2,359.1,0.811,1.925,1.235,1.724,1.925,1.345,World,CabinetDCorner02,23.4,26.7,0.759,1.200,0,0,None,None,1,0,0,0,0.9389,0.6762,0.920,0.000,0
3.81,Nick ,AUIT_Multi,BAC,0.893,1.925,0.481,17.9,359.1,0.798,1.925,1.210,1.705,1.925,1.363,World,CabinetDCorner02,25.3,24.7,0.735,1.199,0,0,None,None,0,1,0,1,0.2576,0.2395,0.920,0.000,0
3.91,Nick ,AUIT_Multi,BAC,0.894,1.925,0.480,18.3,359.1,0.804,1.925,1.201,1.711,1.925,1.359,World,CabinetDCorner02,25.5,24.6,0.726,1.200,0,0,None,None,0,1,0,1,0.1130,0.0763,0.920,0.000,0
4.01,Nick ,AUIT_Multi,BAC,0.894,1.925,0.480,18.3,358.9,0.809,1.925,1.199,1.716,1.925,1.354,World,CabinetDCorner02,25.0,25.0,0.724,1.200,0,0,None,None,0,0,0,0,0.0514,0.0738,0.920,0.000,0
4.10,Nick ,AUIT_Multi,BAC,0.894,1.925,0.481,18.2,358.7,0.807,1.925,1.204,1.715,1.925,1.355,World,CabinetDCorner02,25.1,25.0,0.729,1.200,0,0,None,None,0,0,0,0,0.0532,0.0100,0.920,0.000,0
4.20,Nick ,AUIT_Multi,BAC,0.896,1.925,0.481,19.3,358.8,0.811,1.925,1.192,1.718,1.925,1.353,World,CabinetDCorner02,26.2,24.0,0.716,1.198,0,0,None,None,0,1,0,1,0.1358,0.0306,0.921,0.000,0
4.31,Nick ,AUIT_Multi,BAC,0.902,1.925,0.480,22.7,358.7,0.842,1.925,1.140,1.749,1.925,1.326,World,CabinetDCorner02,28.0,22.4,0.662,1.197,0,0,None,None,0,1,0,1,0.5391,0.3666,0.926,0.000,0
4.41,Nick ,AUIT_Multi,BAC,0.907,1.926,0.479,26.0,358.1,0.882,1.925,1.101,1.796,1.925,1.281,World,CabinetDCorner02,28.4,22.0,0.623,1.197,0,0,None,None,0,1,0,1,0.5723,0.6774,0.932,0.000,0
4.51,Nick ,AUIT_Multi,BAC,0.910,1.926,0.479,27.8,357.7,0.918,1.926,1.078,1.840,1.926,1.233,World,CabinetDCorner02,27.1,23.3,0.599,1.197,0,0,None,None,0,1,0,1,0.4426,0.6716,0.935,0.000,0
4.60,Nick ,AUIT_Multi,BAC,0.911,1.927,0.479,28.0,357.2,0.937,1.926,1.071,1.863,1.926,1.208,World,CabinetDCorner02,25.7,24.7,0.593,1.199,0,0,None,None,0,1,0,1,0.2043,0.3461,0.936,0.000,0
4.70,Nick ,AUIT_Multi,BAC,0.912,1.927,0.481,27.8,357.2,0.940,1.927,1.072,1.867,1.927,1.205,World,CabinetDCorner02,25.2,25.1,0.592,1.199,0,0,None,None,0,0,0,0,0.0365,0.0526,0.936,0.000,0
4.81,Nick ,AUIT_Multi,BAC,0.914,1.927,0.481,28.6,357.3,0.944,1.927,1.070,1.871,1.927,1.202,World,CabinetDCorner02,25.9,24.5,0.590,1.198,0,0,None,None,0,1,0,1,0.0368,0.0492,0.937,0.000,0
4.91,Nick ,AUIT_Multi,BAC,0.915,1.927,0.481,29.1,357.3,0.951,1.927,1.066,1.881,1.927,1.192,World,CabinetDCorner02,25.7,24.7,0.586,1.199,0,0,None,None,0,1,0,1,0.0880,0.1355,0.938,0.000,0
5.01,Nick ,AUIT_Multi,BAC,0.916,1.926,0.482,29.5,357.3,0.957,1.927,1.064,1.887,1.927,1.185,World,CabinetDCorner02,25.6,24.7,0.584,1.199,0,0,None,None,0,1,0,1,0.0635,0.1027,0.938,0.000,0
5.11,Nick ,AUIT_Multi,BAC,0.916,1.926,0.483,28.8,357.4,0.961,1.927,1.063,1.891,1.927,1.181,World,CabinetDCorner02,24.6,25.7,0.582,1.199,0,0,None,None,1,0,0,0,0.0367,0.0581,0.938,0.000,0
5.20,Nick ,AUIT_Multi,BAC,0.915,1.926,0.485,27.1,357.7,0.952,1.926,1.069,1.881,1.926,1.197,World,CabinetDCorner02,23.6,26.6,0.585,1.199,0,0,None,None,1,0,0,0,0.1052,0.1937,0.938,0.000,0
5.31,Nick ,AUIT_Multi,BAC,0.913,1.925,0.488,22.9,358.2,0.928,1.926,1.086,1.850,1.926,1.237,World,CabinetDCorner02,21.6,28.5,0.598,1.200,0,0,None,None,1,0,0,0,0.2722,0.4581,0.935,0.000,0
5.41,Nick ,AUIT_Multi,BAC,0.909,1.925,0.490,16.5,358.6,0.872,1.926,1.182,1.789,1.926,1.306,World,CabinetDCorner02,19.6,30.7,0.692,1.200,0,0,None,None,1,0,0,0,1.1339,0.9452,0.926,0.000,0
5.51,Nick ,AUIT_Multi,BAC,0.905,1.926,0.491,9.6,358.3,0.761,1.925,1.346,1.625,1.925,1.322,World,CabinetD05Door,19.2,31.4,0.867,1.100,0,0,None,None,1,0,1,0,2.0369,1.6893,0.865,0.000,0
5.61,Nick ,AUIT_Multi,BAC,0.903,1.927,0.492,4.9,357.7,0.658,1.926,1.358,1.471,1.926,1.319,World,CabinetD05,20.8,29.7,0.901,1.004,0,0,None,None,1,0,1,0,1.0645,1.5853,0.814,0.000,0
5.70,Nick ,AUIT_Multi,BAC,0.906,1.927,0.492,3.5,357.6,0.591,1.927,1.357,1.385,1.927,1.319,World,CabinetD05,23.6,26.7,0.920,0.955,0,0,None,None,1,0,1,0,0.6919,0.8884,0.795,0.000,0
5.81,Nick ,AUIT_Multi,BAC,0.913,1.925,0.493,3.4,358.5,0.569,1.926,1.357,1.359,1.926,1.319,World,CabinetD05,25.2,25.0,0.930,0.939,0,0,None,None,0,1,0,1,0.1981,0.2394,0.791,0.000,0
5.91,Nick ,AUIT_Multi,BAC,0.921,1.920,0.495,4.5,1.2,0.576,1.924,1.357,1.365,1.924,1.320,World,CabinetD05,26.3,23.9,0.929,0.937,0,0,None,None,0,1,0,1,0.0801,0.0751,0.790,0.000,0
6.01,Nick ,AUIT_Multi,BAC,0.930,1.916,0.496,6.1,4.0,0.603,1.919,1.360,1.393,1.919,1.321,World,CabinetD05,27.2,23.6,0.924,0.946,0,0,None,None,0,1,0,1,0.2774,0.2928,0.792,0.000,0
6.10,Nick ,AUIT_Multi,BAC,0.941,1.912,0.495,8.8,5.8,0.642,1.916,1.357,1.437,1.916,1.321,World,CabinetD05Door,28.6,22.9,0.913,0.964,0,0,None,None,0,1,0,1,0.4099,0.4466,0.795,0.000,0
6.20,Nick ,AUIT_Multi,BAC,0.954,1.901,0.494,12.9,12.0,0.721,1.910,1.286,1.514,1.910,1.323,World,CabinetDCorner02,31.7,24.4,0.827,1.000,0,0,None,None,0,1,0,1,1.0884,0.7922,0.794,0.000,0
6.31,Nick ,AUIT_Multi,BAC,0.968,1.891,0.493,16.7,17.9,0.823,1.898,1.155,1.624,1.898,1.325,World,CabinetDCorner02,34.0,28.0,0.677,1.059,0,0,None,None,0,0,0,0,1.5041,1.0010,0.819,0.000,0
6.41,Nick ,AUIT_Multi,BAC,0.978,1.890,0.492,18.7,18.6,0.878,1.892,1.114,1.735,1.892,1.350,World,CabinetDCorner02,33.2,29.1,0.630,1.144,0,0,None,None,0,0,0,0,0.7080,1.1705,0.889,0.000,0
6.51,Nick ,AUIT_Multi,BAC,0.986,1.890,0.489,19.5,17.8,0.911,1.890,1.094,1.801,1.890,1.354,World,CabinetDCorner02,31.6,29.4,0.609,1.188,0,0,None,None,0,0,0,0,0.3976,0.6777,0.927,0.000,0
6.60,Nick ,AUIT_Multi,BAC,0.992,1.891,0.487,20.1,17.6,0.929,1.890,1.084,1.827,1.890,1.344,World,CabinetDCorner02,31.2,29.6,0.600,1.196,0,0,None,None,0,0,0,0,0.2141,0.2910,0.935,0.000,0
6.70,Nick ,AUIT_Multi,BAC,0.997,1.891,0.487,20.7,17.4,0.943,1.891,1.076,1.844,1.891,1.333,World,CabinetDCorner02,30.9,29.6,0.592,1.197,0,0,None,None,0,0,0,0,0.1621,0.2076,0.937,0.000,0
6.81,Nick ,AUIT_Multi,BAC,1.000,1.890,0.489,20.9,17.8,0.954,1.890,1.072,1.857,1.890,1.325,World,CabinetDCorner02,30.8,30.2,0.585,1.197,0,0,None,None,0,0,0,0,0.1057,0.1342,0.938,0.000,0
6.91,Nick ,AUIT_Multi,BAC,1.003,1.888,0.491,20.9,18.5,0.959,1.889,1.071,1.862,1.889,1.325,World,CabinetDCorner02,31.0,30.8,0.581,1.197,0,0,None,None,0,0,0,0,0.0514,0.0549,0.938,0.000,0
7.01,Nick ,AUIT_Multi,BAC,1.004,1.887,0.493,20.9,19.0,0.961,1.888,1.071,1.864,1.888,1.327,World,CabinetDCorner02,31.2,31.0,0.579,1.198,0,0,None,None,0,0,0,0,0.0288,0.0346,0.939,0.000,0
7.11,Nick ,AUIT_Multi,BAC,1.007,1.886,0.494,21.2,19.4,0.964,1.887,1.070,1.867,1.887,1.327,World,CabinetDCorner02,31.6,31.1,0.578,1.198,0,0,None,None,0,0,0,0,0.0351,0.0356,0.939,0.000,0
7.20,Nick ,AUIT_Multi,BAC,1.009,1.886,0.493,21.3,19.2,0.969,1.886,1.068,1.873,1.886,1.324,World,CabinetDCorner02,31.4,31.0,0.576,1.199,0,0,None,None,0,0,0,0,0.0517,0.0623,0.940,0.000,0
7.31,Nick ,AUIT_Multi,BAC,1.010,1.888,0.493,20.5,18.3,0.970,1.886,1.068,1.873,1.886,1.325,World,CabinetDCorner02,30.1,31.1,0.576,1.200,0,0,None,None,0,0,0,0,0.0103,0.0106,0.940,0.000,0
7.41,Nick ,AUIT_Multi,BAC,1.006,1.895,0.494,17.0,14.6,0.957,1.889,1.076,1.857,1.889,1.342,World,CabinetDCorner02,25.7,31.2,0.584,1.201,0,0,None,None,0,0,0,0,0.1570,0.2478,0.938,0.000,0
7.51,Nick ,AUIT_Multi,BAC,0.996,1.909,0.494,9.2,6.8,0.877,1.898,1.209,1.722,1.898,1.329,World,CabinetDCorner02,19.5,32.4,0.725,1.107,0,0,None,None,1,0,0,0,1.6011,1.3917,0.854,0.000,0
7.60,Nick ,AUIT_Multi,BAC,0.989,1.919,0.491,3.7,0.4,0.740,1.909,1.353,1.552,1.909,1.319,World,CabinetD05,19.8,30.5,0.897,1.001,0,0,None,None,1,0,1,0,2.0488,1.7560,0.813,0.000,0
7.70,Nick ,AUIT_Multi,BAC,0.988,1.922,0.488,0.7,358.0,0.650,1.918,1.360,1.445,1.918,1.318,World,CabinetD05,22.0,28.3,0.935,0.947,0,0,None,None,1,0,1,0,0.9307,1.1080,0.796,0.000,0
7.81,Nick ,AUIT_Multi,BAC,0.989,1.923,0.487,358.9,357.6,0.591,1.922,1.357,1.384,1.922,1.318,World,CabinetD05,23.6,26.6,0.957,0.920,0,0,None,None,1,0,1,0,0.5279,0.5475,0.794,0.000,0
7.91,Nick ,AUIT_Multi,BAC,0.991,1.923,0.487,357.0,357.3,0.558,1.923,1.357,1.353,1.923,1.317,World,CabinetD05,23.6,26.7,0.971,0.906,0,0,None,None,1,0,1,0,0.3392,0.3168,0.796,0.000,0
8.01,Nick ,AUIT_Multi,BAC,0.994,1.923,0.488,355.9,357.1,0.528,1.923,1.358,1.326,1.923,1.317,World,CabinetD05,24.2,26.1,0.987,0.893,0,0,None,None,1,0,1,0,0.3145,0.2785,0.799,0.000,0
8.10,Nick ,AUIT_Multi,BAC,0.999,1.923,0.488,355.3,356.7,0.510,1.923,1.359,1.311,1.923,1.317,World,CabinetD05,24.8,25.5,0.999,0.886,0,0,None,None,1,0,1,0,0.1832,0.1517,0.803,0.000,0
8.20,Nick ,AUIT_Multi,BAC,1.006,1.923,0.487,355.2,356.7,0.503,1.923,1.359,1.307,1.923,1.317,World,CabinetD05,25.4,24.9,1.006,0.883,0,0,None,None,0,1,0,1,0.0678,0.0467,0.805,0.000,0
8.31,Nick ,AUIT_Multi,BAC,1.015,1.922,0.487,356.1,356.8,0.511,1.923,1.359,1.315,1.923,1.317,World,CabinetD05,26.3,24.0,1.007,0.883,0,0,None,None,0,1,0,1,0.0697,0.0740,0.805,0.000,0
8.41,Nick ,AUIT_Multi,BAC,1.024,1.921,0.487,358.4,357.2,0.542,1.922,1.358,1.342,1.922,1.318,World,CabinetD05,27.5,22.7,0.996,0.890,0,0,None,None,0,1,0,1,0.3172,0.2818,0.802,0.000,0
8.51,Nick ,AUIT_Multi,BAC,1.032,1.921,0.487,0.6,357.6,0.593,1.921,1.359,1.389,1.921,1.318,World,CabinetD05,27.5,22.7,0.977,0.905,0,0,None,None,0,1,0,1,0.5220,0.4820,0.798,0.000,0
8.60,Nick ,AUIT_Multi,BAC,1.041,1.920,0.488,3.4,357.8,0.645,1.921,1.357,1.438,1.921,1.319,World,CabinetD05Door,28.0,22.2,0.955,0.922,0,0,None,None,0,1,0,1,0.5380,0.5066,0.795,0.000,0
8.70,Nick ,AUIT_Multi,BAC,1.052,1.920,0.488,8.0,358.0,0.759,1.920,1.218,1.507,1.920,1.321,World,CabinetDCorner02,29.9,20.8,0.787,0.949,0,0,None,None,0,1,0,1,1.8531,0.7083,0.755,0.000,0
8.81,Nick ,AUIT_Multi,BAC,1.066,1.920,0.487,14.4,357.9,0.881,1.920,1.106,1.632,1.920,1.323,World,CabinetDCorner02,31.1,19.9,0.646,1.010,0,0,None,None,0,1,0,1,1.4891,1.1270,0.782,0.000,0
8.91,Nick ,AUIT_Multi,BAC,1.077,1.919,0.487,18.7,357.7,0.960,1.920,1.066,1.778,1.920,1.339,World,CabinetDCorner02,30.2,20.8,0.591,1.103,0,0,None,None,0,1,0,1,0.9135,1.5035,0.862,0.000,0
9.01,Nick ,AUIT_Multi,BAC,1.084,1.919,0.489,21.5,357.9,1.015,1.919,1.050,1.897,1.919,1.340,World,CabinetDCorner02,28.6,22.2,0.566,1.177,0,0,None,None,0,1,0,1,0.5882,1.2226,0.928,0.000,0
9.10,Nick ,AUIT_Multi,BAC,1.090,1.919,0.493,24.0,358.1,1.053,1.919,1.046,1.957,1.919,1.310,World,CabinetDCorner02,28.0,22.7,0.555,1.191,0,0,None,None,0,1,0,1,0.3878,0.6892,0.942,0.000,0
9.20,Nick ,AUIT_Multi,BAC,1.093,1.918,0.500,26.3,358.5,1.083,1.919,1.047,1.999,1.919,1.277,World,CabinetDCorner02,27.4,23.1,0.547,1.194,0,0,None,None,0,1,0,1,0.3126,0.5563,0.944,0.000,0
9.31,Nick ,AUIT_Multi,BAC,1.091,1.917,0.510,29.1,359.1,1.110,1.918,1.049,2.036,1.918,1.243,World,CabinetDCorner02,27.1,23.1,0.539,1.196,0,0,None,None,0,1,0,1,0.2436,0.4516,0.946,0.000,0
9.41,Nick ,AUIT_Multi,BAC,1.084,1.916,0.523,32.5,359.4,1.133,1.917,1.053,2.067,1.917,1.207,World,CabinetDCorner02,27.2,22.7,0.533,1.198,0,0,None,None,0,1,0,1,0.2410,0.4930,0.947,0.000,0
9.51,Nick ,AUIT_Multi,BAC,1.072,1.916,0.537,36.2,359.4,1.158,1.916,1.061,2.099,1.916,1.160,World,CabinetDCorner02,27.0,22.5,0.531,1.201,0,0,None,None,0,1,0,1,0.2647,0.5812,0.947,0.000,0
9.60,Nick ,AUIT_Multi,BAC,1.053,1.917,0.551,39.6,358.8,1.179,1.916,1.071,2.124,1.916,1.109,World,CabinetDCorner02,26.1,22.9,0.535,1.208,0,0,None,None,0,1,0,1,0.2414,0.5868,0.946,0.000,0
9.70,Nick ,AUIT_Multi,BAC,1.029,1.922,0.566,42.2,357.8,1.189,1.919,1.079,2.135,1.919,1.063,World,CabinetDCorner02,25.0,23.7,0.537,1.213,0,0,None,None,1,1,0,1,0.1358,0.4811,0.946,0.000,0
9.81,Nick ,AUIT_Multi,BAC,0.998,1.926,0.585,43.7,356.5,1.189,1.923,1.085,2.125,1.923,1.041,World,CabinetDCorner02,23.1,24.5,0.536,1.216,0,0,None,None,1,1,0,1,0.0726,0.2241,0.937,0.000,0
9.91,Nick ,AUIT_Multi,BAC,0.973,1.926,0.602,45.2,356.5,1.173,1.925,1.085,2.109,1.925,1.034,World,CabinetDCorner02,22.9,24.3,0.523,1.215,0,0,None,None,1,1,0,1,0.1674,0.1822,0.937,0.000,0
10.01,Nick ,AUIT_Multi,BAC,0.950,1.926,0.621,46.0,356.9,1.158,1.926,1.087,2.094,1.926,1.028,World,CabinetDCorner02,22.2,24.5,0.511,1.214,0,0,None,None,1,1,0,1,0.1611,0.1722,0.938,0.000,0
10.10,Nick ,AUIT_Multi,BAC,0.928,1.926,0.639,46.2,357.1,1.130,1.926,1.088,2.079,1.926,1.024,World,CabinetDCorner02,22.1,25.5,0.492,1.213,0,0,None,None,1,0,0,0,0.2874,0.1605,0.951,0.000,0
10.20,Nick ,AUIT_Multi,BAC,0.908,1.927,0.655,46.5,356.9,1.101,1.926,1.091,2.061,1.926,1.029,World,CabinetDCorner02,22.8,25.7,0.476,1.212,0,0,None,None,1,0,0,0,0.2955,0.1854,0.962,0.000,0
10.31,Nick ,AUIT_Multi,BAC,0.889,1.926,0.670,48.6,356.9,1.081,1.927,1.096,2.044,1.927,1.032,World,CabinetDCorner02,24.5,24.2,0.467,1.211,0,0,None,None,1,1,0,1,0.1893,0.1565,0.966,0.000,0
10.41,Nick ,AUIT_Multi,BAC,0.875,1.926,0.680,51.3,357.1,1.082,1.926,1.100,2.040,1.926,1.006,World,CabinetDCorner02,25.2,23.3,0.468,1.210,0,0,None,None,0,1,0,1,0.0448,0.2744,0.963,0.000,0
10.51,Nick ,AUIT_Multi,BAC,0.859,1.924,0.692,52.2,357.5,1.084,1.926,1.104,2.037,1.926,0.972,World,CabinetDCorner02,23.7,24.5,0.469,1.211,0,0,None,None,1,1,0,1,0.0453,0.3479,0.962,0.000,0
10.60,Nick ,AUIT_Multi,BAC,0.843,1.921,0.702,52.3,358.4,1.071,1.924,1.107,2.025,1.924,0.968,World,CabinetDCorner02,23.1,25.0,0.465,1.211,0,0,None,None,1,1,0,1,0.1342,0.1295,0.964,0.000,0
10.70,Nick ,AUIT_Multi,BAC,0.829,1.918,0.713,51.0,359.9,1.054,1.921,1.110,2.013,1.921,0.968,World,CabinetDCorner02,21.4,26.9,0.456,1.211,0,0,None,None,1,0,0,0,0.1800,0.1313,0.969,0.000,0
10.81,Nick ,AUIT_Multi,BAC,0.801,1.902,0.742,34.0,9.4,0.986,1.914,1.135,1.957,1.914,1.099,World,CabinetDCorner02,14.0,40.0,0.434,1.209,0,0,None,None,1,0,0,0,0.6570,1.2825,0.971,0.000,0
10.91,Nick ,AUIT_Multi,BAC,0.774,1.893,0.766,17.1,14.3,0.857,1.902,1.377,1.662,1.902,1.285,World,CabinetD05Door,17.7,44.6,0.617,1.029,0,0,None,None,1,0,0,0,2.8160,3.5845,0.810,0.000,0
11.01,Nick ,AUIT_Multi,BAC,0.749,1.885,0.783,2.5,18.7,0.659,1.892,1.432,1.254,1.892,1.284,World,CabinetD05,21.9,46.2,0.655,0.711,0,0,None,None,1,0,0,0,2.1241,4.2034,0.613,0.000,0
11.10,Nick ,AUIT_Multi,BAC,0.727,1.875,0.799,347.7,23.7,0.474,1.883,1.401,1.043,1.883,1.403,World,CabinetD06,26.5,45.8,0.653,0.682,0,0,None,None,0,0,0,0,1.9293,2.4947,0.569,0.000,0
11.20,Nick ,AUIT_Multi,BAC,0.715,1.870,0.819,336.0,25.9,0.379,1.875,1.253,0.885,1.875,1.597,World,Wall4m,29.6,43.8,0.549,0.796,0,0,None,None,0,0,0,0,1.8087,2.5747,0.611,0.000,0
11.31,Nick ,AUIT_Multi,BAC,0.714,1.867,0.851,328.2,25.1,0.288,1.870,1.180,0.709,1.870,1.636,World,Wall4m,32.2,39.5,0.538,0.785,0,0,None,None,0,0,0,0,1.0519,1.6232,0.620,0.000,0
11.41,Nick ,AUIT_Multi,BAC,0.726,1.864,0.885,325.4,24.7,0.265,1.867,1.154,0.619,1.839,1.562,World,Wall4m,34.9,33.5,0.534,0.686,0,0,None,None,0,0,0,0,0.3607,1.2418,0.540,0.000,0
11.51,Nick ,AUIT_Multi,BAC,0.743,1.865,0.923,324.2,24.5,0.279,1.864,1.155,0.545,1.799,1.434,World,Wall4m,36.2,22.5,0.518,0.552,0,0,None,None,0,1,0,0,0.1522,1.5706,0.390,0.000,0
11.60,Nick ,AUIT_Multi,BAC,0.755,1.868,0.962,322.5,25.3,0.302,1.866,1.173,0.519,1.802,1.493,World,Wall4m,36.5,22.9,0.500,0.585,0,0,None,None,0,1,0,0,0.2997,0.6581,0.391,0.000,0
11.70,Nick ,AUIT_Multi,BAC,0.755,1.868,0.995,320.3,25.4,0.315,1.868,1.191,0.574,1.857,1.672,World,Wall4m,35.8,34.2,0.482,0.701,0,0,None,None,0,0,0,0,0.2288,2.0093,0.546,0.000,0
11.81,Nick ,AUIT_Multi,BAC,0.737,1.867,1.024,318.3,26.4,0.316,1.867,1.201,0.570,1.866,1.658,World,Wall4m,36.0,37.0,0.457,0.655,0,0,None,None,0,0,0,0,0.0901,0.1556,0.522,0.000,0
11.91,Nick ,AUIT_Multi,BAC,0.711,1.863,1.045,317.7,27.2,0.323,1.861,1.206,0.542,1.841,1.573,World,Wall4m,36.1,34.3,0.420,0.555,0,0,None,None,0,0,0,0,0.1047,0.9513,0.428,0.000,0
12.01,Nick ,AUIT_Multi,BAC,0.672,1.855,1.065,317.9,27.0,0.335,1.850,1.211,0.507,1.798,1.443,World,Wall4m,35.2,25.9,0.367,0.416,0,0,None,None,0,0,0,0,0.1742,1.4580,0.294,0.000,0
12.10,Nick ,AUIT_Multi,BAC,0.619,1.846,1.086,318.3,27.6,0.346,1.838,1.217,0.469,1.754,1.311,World,CabinetD06Door,34.0,11.5,0.303,0.286,0,0,None,None,0,1,0,0,0.1790,1.4789,0.176,0.000,0
12.20,Nick ,AUIT_Multi,BAC,0.556,1.841,1.114,319.3,28.0,0.356,1.827,1.223,0.414,1.827,1.591,World,CabinetD06Door,31.6,35.1,0.228,0.498,0,0,None,None,0,0,0,0,0.1632,3.0309,0.373,0.000,0
12.31,Nick ,AUIT_Multi,BAC,0.484,1.833,1.153,319.5,28.5,0.366,1.815,1.227,0.383,1.837,1.646,World,CabinetD06Door,26.6,40.0,0.140,0.504,0,0,None,None,0,0,0,0,0.1487,0.5749,0.420,0.000,0
12.41,Nick ,AUIT_Multi,BAC,0.435,1.824,1.191,319.5,29.4,0.378,1.804,1.233,0.324,1.804,1.634,World,CabinetD06Door,17.8,36.8,0.073,0.457,0,0,None,None,1,0,0,0,0.1760,0.7043,0.405,0.000,0
12.51,Nick ,AUIT_Multi,BAC,0.402,1.811,1.226,320.2,30.5,0.403,1.792,1.290,0.235,1.737,1.546,World,CabinetD06Door,39.2,22.0,0.067,0.368,0,0,None,None,0,1,0,0,0.6559,1.4618,0.311,0.000,0
12.60,Nick ,AUIT_Multi,BAC,0.383,1.804,1.251,321.3,31.2,0.417,1.781,1.295,0.161,1.669,1.510,World,CabinetD06Door,66.5,9.8,0.060,0.368,0,0,None,None,0,1,0,0,0.1930,1.0956,0.352,0.000,0
12.70,Nick ,AUIT_Multi,BAC,0.373,1.802,1.266,322.3,31.7,0.430,1.770,1.300,0.192,1.767,1.382,World,CabinetD06Door,82.1,29.1,0.073,0.218,0,0,None,None,0,0,0,0,0.1785,1.6942,0.251,1.000,0
12.81,Nick ,AUIT_Multi,BAC,0.369,1.804,1.272,324.1,33.5,0.446,1.759,1.302,0.202,1.798,1.361,World,CabinetD06Door,85.3,40.1,0.094,0.190,0,0,None,None,0,0,0,0,0.1818,0.3515,0.254,1.000,0
12.91,Nick ,AUIT_Multi,BAC,0.370,1.813,1.268,326.1,33.4,0.398,1.766,1.416,0.195,1.787,1.382,World,CabinetD06Door,42.9,33.8,0.157,0.210,0,0,None,None,0,0,0,0,1.2708,0.2629,0.206,0.000,0
13.01,Nick ,AUIT_Multi,BAC,0.376,1.822,1.262,328.7,33.8,0.370,1.751,1.447,0.176,1.733,1.441,World,CabinetD06Door,28.8,21.7,0.198,0.283,0,0,None,None,0,1,0,0,0.4561,0.8396,0.195,0.000,0
13.10,Nick ,AUIT_Multi,BAC,0.395,1.827,1.261,338.9,34.5,0.342,1.734,1.479,0.155,1.679,1.511,World,CabinetD06,13.6,22.9,0.242,0.376,0,0,None,None,1,1,0,0,0.4669,0.9335,0.197,0.000,0
13.20,Nick ,AUIT_Multi,BAC,0.436,1.831,1.263,5.0,34.0,0.343,1.718,1.514,0.185,1.789,1.558,World,CabinetD06,24.8,50.3,0.290,0.390,0,0,None,None,1,0,0,0,0.3973,1.2705,0.179,0.000,0
13.31,Nick ,AUIT_Multi,BAC,0.472,1.835,1.251,25.4,33.0,0.348,1.699,1.552,0.345,1.828,1.641,World,CabinetD05,43.2,51.9,0.352,0.410,0,0,None,None,0,0,0,0,0.3877,1.6601,0.157,0.000,0
13.41,Nick ,AUIT_Multi,BAC,0.491,1.838,1.244,31.1,32.5,0.326,1.682,1.576,0.470,1.825,1.648,World,CabinetD05,51.3,44.4,0.401,0.404,0,0,None,None,0,0,0,0,0.3751,1.2845,0.215,0.000,0
13.51,Nick ,AUIT_Multi,BAC,0.509,1.844,1.244,32.2,31.5,0.290,1.665,1.604,0.566,1.770,1.692,World,CabinetD05,56.4,32.2,0.458,0.457,0,0,None,None,0,0,0,0,0.5059,1.2247,0.308,0.000,0
13.60,Nick ,AUIT_Multi,BAC,0.535,1.845,1.250,31.6,30.8,0.217,1.650,1.646,0.707,1.717,1.594,World,CabinetD05,63.1,13.3,0.545,0.406,0,0,None,None,0,1,0,0,0.8780,1.8441,0.498,0.000,0
13.70,Nick ,AUIT_Multi,BAC,0.574,1.841,1.259,30.5,31.7,0.189,1.632,1.680,0.882,1.781,1.557,World,CabinetD05,65.4,27.7,0.607,0.433,0,0,None,None,0,0,0,0,0.4821,1.9597,0.719,0.000,0
13.81,Nick ,AUIT_Multi,BAC,0.632,1.838,1.272,28.4,32.6,0.160,1.612,1.717,0.964,1.833,1.534,World,CabinetD05,67.5,38.7,0.687,0.423,0,0,None,None,0,0,0,0,0.4623,0.8991,0.854,0.000,0
13.91,Nick ,AUIT_Multi,BAC,0.689,1.837,1.289,26.1,32.4,0.396,1.714,1.617,0.975,1.837,1.528,World,CabinetD05,63.3,39.7,0.456,0.373,0,0,None,None,0,0,0,0,2.8405,0.1407,0.599,0.000,0
14.01,Nick ,AUIT_Multi,BAC,0.739,1.832,1.304,23.1,34.0,0.431,1.691,1.641,0.910,1.780,1.545,World,CabinetD05,60.5,26.4,0.478,0.300,0,0,None,None,0,0,0,0,0.4974,0.9134,0.497,0.000,0
14.10,Nick ,AUIT_Multi,BAC,0.775,1.829,1.320,18.7,34.8,0.476,1.675,1.653,0.847,1.724,1.564,World,CabinetD05,55.5,12.5,0.473,0.275,0,0,None,None,0,1,0,0,0.5004,0.8837,0.385,0.000,0
14.20,Nick ,AUIT_Multi,BAC,0.799,1.825,1.331,15.2,36.2,0.521,1.660,1.663,0.920,1.774,1.562,World,CabinetD05,50.1,27.4,0.463,0.266,0,0,None,None,0,0,0,0,0.5036,0.9138,0.427,0.000,0
14.31,Nick ,AUIT_Multi,BAC,0.819,1.821,1.338,14.3,37.7,0.571,1.642,1.675,0.986,1.818,1.561,World,CabinetD05,45.3,42.5,0.455,0.279,0,0,None,None,0,0,0,0,0.4938,0.7149,0.465,0.000,0
14.41,Nick ,AUIT_Multi,BAC,0.825,1.821,1.341,14.4,37.5,0.616,1.628,1.685,0.994,1.821,1.551,World,CabinetD05,40.3,43.7,0.447,0.270,0,0,None,None,0,0,0,0,0.4929,0.1313,0.445,0.000,0
14.51,Nick ,AUIT_Multi,BAC,0.818,1.821,1.343,12.2,37.5,0.657,1.613,1.695,0.996,1.821,1.557,World,CabinetD05,32.0,45.2,0.440,0.278,0,0,None,None,0,0,0,0,0.4604,0.0648,0.421,0.000,0
14.60,Nick ,AUIT_Multi,BAC,0.800,1.823,1.344,10.7,37.8,0.697,1.598,1.705,0.997,1.822,1.581,World,CabinetD05,23.0,46.1,0.437,0.308,0,0,None,None,1,0,0,0,0.4494,0.2503,0.394,0.000,0
14.70,Nick ,AUIT_Multi,BAC,0.763,1.823,1.344,0.2,38.5,0.731,1.584,1.714,0.986,1.822,1.635,World,Quad,7.2,51.4,0.442,0.367,0,0,None,None,1,0,0,0,0.3897,0.5674,0.358,0.000,0
14.81,Nick ,AUIT_Multi,BAC,0.700,1.826,1.334,338.0,38.7,0.756,1.567,1.728,0.865,1.823,1.656,World,CabinetD06,24.9,59.0,0.475,0.362,0,0,None,None,1,0,0,0,0.2999,1.1136,0.287,0.000,0
14.91,Nick ,AUIT_Multi,BAC,0.645,1.832,1.319,324.4,36.9,0.768,1.554,1.736,0.691,1.827,1.777,World,Wall4m,42.4,52.5,0.516,0.460,0,1,None,CabinetD05,0,0,0,0,0.2036,2.1939,0.287,0.000,0
15.00,Nick ,AUIT_Multi,BAC,0.598,1.836,1.305,319.9,36.3,0.415,1.781,1.521,0.605,1.790,1.704,World,Wall4m,25.3,47.8,0.289,0.402,0,0,None,None,0,0,0,0,4.8756,1.2240,0.263,0.000,0
15.10,Nick ,AUIT_Multi,BAC,0.559,1.837,1.292,320.3,36.4,0.306,1.829,1.452,0.542,1.738,1.615,World,Wall4m,38.5,37.7,0.300,0.338,0,0,None,None,0,0,0,0,1.4308,1.2489,0.301,0.000,0
15.21,Nick ,AUIT_Multi,BAC,0.526,1.840,1.277,325.2,36.2,0.290,1.837,1.422,0.481,1.741,1.576,World,Wall4m,41.7,29.2,0.278,0.319,0,0,None,None,0,0,0,0,0.3102,0.6550,0.263,0.000,0
15.31,Nick ,AUIT_Multi,BAC,0.504,1.846,1.263,330.7,34.3,0.281,1.841,1.422,0.467,1.825,1.642,World,CabinetD06,40.9,38.2,0.275,0.382,0,0,None,None,0,0,0,0,0.1019,1.1124,0.288,0.000,0
15.41,Nick ,AUIT_Multi,BAC,0.487,1.852,1.249,335.4,32.0,0.272,1.846,1.430,0.477,1.844,1.652,World,CabinetD06,39.0,37.7,0.281,0.404,0,0,None,None,0,0,0,0,0.1278,0.2426,0.302,0.000,0
15.50,Nick ,AUIT_Multi,BAC,0.475,1.861,1.235,340.4,28.0,0.265,1.853,1.441,0.494,1.853,1.653,World,CabinetD06,36.4,34.3,0.294,0.418,0,0,None,None,0,0,0,0,0.1542,0.2002,0.312,0.000,0
15.60,Nick ,AUIT_Multi,BAC,0.465,1.868,1.222,345.2,24.9,0.260,1.862,1.456,0.519,1.862,1.655,World,CabinetD06,34.8,32.0,0.312,0.437,0,0,None,None,0,0,0,0,0.1895,0.2728,0.327,0.000,0
15.71,Nick ,AUIT_Multi,BAC,0.461,1.883,1.210,351.3,18.5,0.262,1.871,1.472,0.580,1.871,1.789,World,CabinetD06,32.3,26.4,0.329,0.592,0,0,None,None,0,0,0,0,0.1617,1.3263,0.449,0.000,0
15.81,Nick ,AUIT_Multi,BAC,0.469,1.903,1.197,0.1,7.6,0.268,1.887,1.524,0.616,1.887,1.689,World,CabinetD06,31.9,17.5,0.384,0.514,0,0,None,None,0,1,0,0,0.5614,1.1103,0.386,0.000,0
15.91,Nick ,AUIT_Multi,BAC,0.475,1.910,1.186,5.6,3.6,0.311,1.902,1.545,0.694,1.902,1.662,World,Wall4m,30.2,19.3,0.395,0.525,0,0,None,None,0,1,0,0,0.5257,0.8642,0.400,0.000,0
16.00,Nick ,AUIT_Multi,BAC,0.478,1.911,1.182,6.9,2.8,0.346,1.909,1.541,0.750,1.909,1.660,World,Wall4m,27.0,23.0,0.383,0.550,0,0,None,None,0,1,0,0,0.3671,0.5823,0.421,0.000,0
16.10,Nick ,AUIT_Multi,BAC,0.490,1.912,1.184,10.9,2.3,0.363,1.911,1.540,0.776,1.911,1.660,World,CabinetD05,30.5,20.3,0.378,0.555,0,0,None,None,0,1,0,0,0.1692,0.2666,0.431,0.000,0
16.21,Nick ,AUIT_Multi,BAC,0.510,1.918,1.191,18.9,359.4,0.422,1.914,1.539,0.878,1.914,1.664,World,CabinetD05,33.0,19.0,0.359,0.600,0,0,None,None,0,1,0,0,0.5395,0.9220,0.473,0.000,0
16.31,Nick ,AUIT_Multi,BAC,0.525,1.919,1.203,19.5,359.5,0.470,1.917,1.541,0.956,1.917,1.664,World,CabinetD05,28.6,23.7,0.342,0.631,0,0,None,None,0,1,0,0,0.4916,0.7986,0.501,0.000,0
16.41,Nick ,AUIT_Multi,BAC,0.539,1.922,1.215,19.1,359.2,0.491,1.920,1.544,0.973,1.920,1.665,World,CabinetD05,27.5,24.9,0.332,0.625,0,0,None,None,0,1,0,0,0.2181,0.1782,0.497,0.000,0
16.50,Nick ,AUIT_Multi,BAC,0.557,1.924,1.226,20.7,359.2,0.509,1.922,1.547,0.948,1.922,1.650,World,CabinetD05,29.3,22.0,0.325,0.577,0,0,None,None,0,1,0,0,0.1867,0.3010,0.451,0.000,0
16.60,Nick ,AUIT_Multi,BAC,0.576,1.923,1.235,22.9,359.9,0.537,1.923,1.551,0.859,1.923,1.602,World,CabinetD05,29.9,14.8,0.318,0.464,0,0,None,None,0,1,0,0,0.2924,1.0375,0.326,0.000,0
16.71,Nick ,AUIT_Multi,BAC,0.594,1.923,1.244,24.1,0.3,0.569,1.923,1.559,0.758,1.923,1.551,World,CabinetD05,28.6,4.0,0.316,0.349,0,0,None,None,0,1,0,0,0.2976,1.0215,0.189,0.000,0
16.81,Nick ,AUIT_Multi,BAC,0.604,1.923,1.248,23.4,0.8,0.588,1.923,1.564,0.938,1.923,1.573,World,CabinetD05,26.4,22.4,0.317,0.466,0,0,None,None,0,1,0,0,0.2012,1.8609,0.350,0.000,0
16.91,Nick ,AUIT_Multi,BAC,0.609,1.922,1.250,21.0,1.5,0.593,1.923,1.566,0.973,1.923,1.585,World,CabinetD05,24.0,26.5,0.316,0.495,0,0,None,None,1,0,0,0,0.0541,0.3887,0.381,0.000,0
17.00,Nick ,AUIT_Multi,BAC,0.609,1.916,1.250,17.3,4.5,0.583,1.920,1.562,0.980,1.920,1.619,World,CabinetD05,22.8,28.3,0.313,0.523,0,0,None,None,1,0,0,0,0.1114,0.3512,0.401,0.000,0
17.10,Nick ,AUIT_Multi,BAC,0.611,1.913,1.249,16.7,6.4,0.570,1.916,1.559,0.982,1.916,1.655,World,CabinetD05,25.2,26.5,0.313,0.550,0,0,None,None,0,0,0,0,0.1439,0.3806,0.423,0.000,0
17.21,Nick ,AUIT_Multi,BAC,0.609,1.908,1.247,15.8,8.4,0.565,1.911,1.558,0.981,1.911,1.666,World,CabinetD05,25.3,27.2,0.314,0.560,0,0,None,None,0,0,0,0,0.0627,0.1043,0.430,0.000,0
17.31,Nick ,AUIT_Multi,BAC,0.597,1.904,1.244,10.4,10.4,0.551,1.908,1.556,0.957,1.908,1.665,World,CabinetD05,21.7,31.8,0.315,0.554,0,0,None,None,1,0,0,0,0.1484,0.2559,0.420,0.000,0
17.41,Nick ,AUIT_Multi,BAC,0.570,1.901,1.239,354.3,13.3,0.488,1.904,1.558,0.856,1.904,1.660,World,CabinetD06,16.4,41.8,0.329,0.509,0,0,None,None,1,0,0,0,0.6537,1.0385,0.382,0.000,0
17.50,Nick ,AUIT_Multi,BAC,0.552,1.900,1.232,346.5,14.0,0.370,1.901,1.562,0.716,1.901,1.654,World,CabinetD06,20.8,37.2,0.377,0.453,0,0,None,None,1,0,0,0,1.2103,1.4383,0.358,0.000,0
17.60,Nick ,AUIT_Multi,BAC,0.543,1.899,1.226,345.6,14.6,0.309,1.899,1.546,0.646,1.899,1.654,World,CabinetD06,26.1,31.2,0.397,0.440,0,0,None,None,0,0,0,0,0.6549,0.7237,0.354,0.000,0
17.71,Nick ,AUIT_Multi,BAC,0.534,1.901,1.223,345.4,13.3,0.292,1.900,1.529,0.622,1.900,1.658,World,CabinetD06,26.9,29.0,0.390,0.444,0,0,None,None,0,0,0,0,0.2128,0.2160,0.354,0.000,0
17.81,Nick ,AUIT_Multi,BAC,0.527,1.900,1.220,345.8,13.3,0.288,1.900,1.521,0.615,1.900,1.661,World,CabinetD06,27.5,28.5,0.385,0.450,0,0,None,None,0,0,0,0,0.0961,0.0836,0.356,0.000,0
17.91,Nick ,AUIT_Multi,BAC,0.521,1.899,1.216,346.2,13.4,0.286,1.900,1.515,0.612,1.900,1.663,World,CabinetD06,27.6,28.5,0.381,0.457,0,0,None,None,0,0,0,0,0.0659,0.0395,0.358,0.000,0
18.00,Nick ,AUIT_Multi,BAC,0.514,1.898,1.212,346.8,13.6,0.284,1.899,1.509,0.610,1.899,1.665,World,CabinetD06,27.9,28.3,0.376,0.463,0,0,None,None,0,0,0,0,0.0679,0.0286,0.361,0.000,0
18.10,Nick ,AUIT_Multi,BAC,0.508,1.897,1.210,348.2,13.9,0.283,1.898,1.509,0.560,1.887,1.696,World,CabinetD06,28.7,21.7,0.375,0.488,0,0,None,None,0,1,0,0,0.0193,0.6159,0.334,0.000,0
18.21,Nick ,AUIT_Multi,BAC,0.500,1.894,1.211,349.5,14.8,0.282,1.896,1.513,0.496,1.871,1.735,World,CabinetD06,29.3,15.8,0.372,0.524,0,0,None,None,0,1,0,0,0.0407,0.6910,0.309,0.000,0
18.31,Nick ,AUIT_Multi,BAC,0.499,1.889,1.218,353.9,16.6,0.281,1.893,1.528,0.539,1.876,1.707,World,CabinetD06,33.4,18.5,0.378,0.490,0,0,None,None,0,1,0,0,0.1523,0.5369,0.315,0.000,0
18.41,Nick ,AUIT_Multi,BAC,0.515,1.876,1.229,7.3,21.3,0.319,1.886,1.553,0.660,1.884,1.664,World,CabinetD05,44.1,24.8,0.379,0.458,0,0,None,None,0,1,0,0,0.4706,1.3169,0.359,0.000,0
18.50,Nick ,AUIT_Multi,BAC,0.539,1.864,1.235,24.0,26.1,0.428,1.874,1.552,0.828,1.874,1.665,World,CabinetD05,50.2,28.8,0.336,0.519,0,0,None,None,0,0,0,0,1.1309,1.7371,0.416,0.000,0
18.60,Nick ,AUIT_Multi,BAC,0.560,1.859,1.240,33.6,28.3,0.536,1.864,1.557,0.946,1.864,1.585,World,CabinetD05,46.6,32.2,0.318,0.518,0,0,None,None,0,0,0,0,1.1218,1.4710,0.411,0.000,0
18.71,Nick ,AUIT_Multi,BAC,0.583,1.856,1.253,35.7,29.4,0.612,1.858,1.556,0.966,1.858,1.491,World,CabinetD05,41.6,36.6,0.304,0.451,0,0,None,None,0,0,0,0,0.6774,0.8667,0.361,0.000,0
18.81,Nick ,AUIT_Multi,BAC,0.611,1.853,1.267,34.8,29.6,0.642,1.855,1.558,0.970,1.855,1.474,World,CabinetD05,40.7,38.3,0.292,0.414,0,0,None,None,0,0,0,0,0.3117,0.1770,0.338,0.000,0
18.91,Nick ,AUIT_Multi,BAC,0.649,1.855,1.290,33.6,29.6,0.666,1.854,1.562,0.972,1.854,1.478,World,CabinetD05,40.9,38.5,0.273,0.374,0,0,None,None,0,0,0,0,0.2575,0.0505,0.317,0.000,0
19.00,Nick ,AUIT_Multi,BAC,0.687,1.851,1.314,31.9,30.6,0.693,1.854,1.568,0.974,1.854,1.490,World,CabinetD05,42.6,40.0,0.254,0.337,0,0,None,None,0,0,0,0,0.2847,0.1255,0.291,0.000,0
19.10,Nick ,AUIT_Multi,BAC,0.721,1.845,1.338,30.2,32.0,0.721,1.850,1.574,0.958,1.823,1.522,World,CabinetD05,43.8,34.5,0.237,0.301,0,0,None,None,0,0,0,0,0.2894,0.4830,0.244,0.000,0
19.21,Nick ,AUIT_Multi,BAC,0.755,1.840,1.363,27.6,31.2,0.748,1.845,1.581,0.924,1.767,1.572,World,CabinetD05,42.9,19.3,0.219,0.278,0,0,None,None,0,1,0,0,0.2572,0.7375,0.193,0.000,0
19.31,Nick ,AUIT_Multi,BAC,0.779,1.832,1.380,24.7,33.4,0.765,1.839,1.587,0.930,1.766,1.585,World,CabinetD05,44.4,21.5,0.207,0.263,0,0,None,None,0,1,0,0,0.1993,0.1541,0.180,0.000,0
19.41,Nick ,AUIT_Multi,BAC,0.800,1.827,1.390,22.8,34.7,0.780,1.832,1.591,0.977,1.820,1.562,World,CabinetD05,44.8,39.3,0.202,0.246,0,0,None,None,0,0,0,0,0.1691,0.7715,0.200,0.000,0
19.50,Nick ,AUIT_Multi,BAC,0.816,1.826,1.396,20.7,34.2,0.792,1.828,1.594,0.987,1.826,1.562,World,CabinetD05,43.3,41.5,0.199,0.238,0,0,None,None,0,0,0,0,0.1394,0.1233,0.197,0.000,0
19.60,Nick ,AUIT_Multi,BAC,0.830,1.826,1.400,19.1,34.4,0.802,1.826,1.595,0.990,1.826,1.566,World,CabinetD05,42.9,41.6,0.197,0.230,0,0,None,None,0,0,0,0,0.0999,0.0514,0.190,0.000,0
19.71,Nick ,AUIT_Multi,BAC,0.842,1.824,1.404,18.7,35.0,0.813,1.826,1.597,0.992,1.826,1.565,World,CabinetD05,43.8,42.0,0.195,0.220,0,0,None,None,0,0,0,0,0.0987,0.0189,0.182,0.000,0
19.81,Nick ,AUIT_Multi,BAC,0.849,1.821,1.402,18.8,36.4,0.822,1.823,1.597,0.992,1.823,1.559,World,CabinetD05,44.6,43.0,0.197,0.212,0,0,None,None,0,0,0,0,0.0973,0.0679,0.175,0.000,0
19.91,Nick ,AUIT_Multi,BAC,0.852,1.824,1.397,19.2,36.2,0.828,1.822,1.596,0.993,1.822,1.550,World,CabinetD05,43.1,41.7,0.201,0.207,0,0,None,None,0,0,0,0,0.0693,0.0944,0.171,0.000,0
20.00,Nick ,AUIT_Multi,BAC,0.850,1.828,1.389,19.2,35.2,0.831,1.825,1.595,0.993,1.825,1.542,World,CabinetD05,41.1,40.8,0.206,0.209,0,0,None,None,0,0,0,0,0.0425,0.0867,0.170,0.000,0
20.10,Nick ,AUIT_Multi,BAC,0.844,1.832,1.375,20.3,34.8,0.831,1.828,1.592,0.993,1.828,1.537,World,CabinetD05,40.4,39.8,0.217,0.219,0,0,None,None,0,0,0,0,0.0451,0.0635,0.171,0.000,0
20.21,Nick ,AUIT_Multi,BAC,0.829,1.840,1.354,21.8,33.1,0.831,1.834,1.588,0.992,1.834,1.528,World,CabinetD05,37.2,37.3,0.234,0.239,0,0,None,None,0,0,0,0,0.0667,0.0931,0.171,0.000,0
20.31,Nick ,AUIT_Multi,BAC,0.808,1.850,1.335,22.1,30.8,0.826,1.842,1.582,0.992,1.842,1.527,World,CabinetD05,33.5,35.6,0.249,0.267,0,0,None,None,0,0,0,0,0.1095,0.0815,0.174,0.000,0
20.41,Nick ,AUIT_Multi,BAC,0.782,1.863,1.316,21.5,26.8,0.805,1.851,1.577,0.990,1.851,1.526,World,CabinetD05,28.9,33.1,0.263,0.296,0,0,None,None,0,0,0,0,0.2484,0.1013,0.193,0.000,0
20.50,Nick ,AUIT_Multi,BAC,0.754,1.887,1.292,21.9,16.0,0.770,1.868,1.572,0.988,1.868,1.524,World,CabinetD05,21.9,26.3,0.282,0.330,0,0,None,None,1,0,0,0,0.4016,0.1722,0.224,0.000,0
20.60,Nick ,AUIT_Multi,BAC,0.726,1.900,1.265,23.7,10.6,0.748,1.887,1.565,0.987,1.887,1.522,World,CabinetD05,21.1,23.1,0.302,0.366,0,0,None,None,1,1,0,0,0.3115,0.2011,0.243,0.000,0
20.71,Nick ,AUIT_Multi,BAC,0.696,1.910,1.238,24.7,6.2,0.732,1.902,1.557,0.985,1.902,1.520,World,CabinetD05,18.8,21.5,0.322,0.404,0,0,None,None,1,1,0,0,0.2046,0.1365,0.255,0.000,0
20.81,Nick ,AUIT_Multi,BAC,0.673,1.914,1.216,25.3,4.3,0.715,1.909,1.551,0.984,1.909,1.519,World,CabinetD05,18.6,20.7,0.338,0.434,0,0,None,None,1,1,0,0,0.2066,0.0767,0.271,0.000,0
20.91,Nick ,AUIT_Multi,BAC,0.655,1.917,1.195,27.5,2.0,0.705,1.914,1.546,0.983,1.914,1.517,World,CabinetD05,19.6,18.0,0.354,0.459,0,0,None,None,1,1,0,0,0.1240,0.0491,0.279,0.000,0
21.01,Nick ,AUIT_Multi,BAC,0.640,1.918,1.176,30.1,360.0,0.704,1.917,1.540,0.980,1.917,1.490,World,CabinetD05,20.3,17.1,0.370,0.463,0,0,None,None,1,1,0,0,0.0627,0.2809,0.281,0.000,0
21.10,Nick ,AUIT_Multi,BAC,0.628,1.919,1.161,31.2,358.7,0.703,1.918,1.536,0.977,1.918,1.454,World,CabinetD05,20.0,18.8,0.383,0.456,0,0,None,None,1,1,0,0,0.0526,0.3738,0.286,0.000,0
21.21,Nick ,AUIT_Multi,BAC,0.617,1.919,1.148,31.3,357.7,0.702,1.919,1.532,0.977,1.919,1.444,World,CabinetD05,19.0,19.4,0.393,0.466,0,0,None,None,1,1,0,0,0.0387,0.0914,0.289,0.000,0
21.31,Nick ,AUIT_Multi,BAC,0.614,1.919,1.139,32.3,357.9,0.700,1.919,1.529,0.977,1.919,1.440,World,CabinetD05,20.0,18.0,0.400,0.472,0,0,None,None,1,1,0,0,0.0340,0.0366,0.290,0.000,0
21.41,Nick ,AUIT_Multi,BAC,0.614,1.917,1.131,33.9,358.1,0.700,1.918,1.527,0.975,1.918,1.412,World,CabinetD05,21.7,18.3,0.405,0.457,0,0,None,None,1,1,0,0,0.0253,0.2926,0.298,0.000,0
21.51,Nick ,AUIT_Multi,BAC,0.615,1.918,1.125,35.1,357.7,0.699,1.918,1.525,0.973,1.918,1.376,World,CabinetD05,23.2,20.1,0.408,0.437,0,0,None,None,1,1,0,0,0.0221,0.3748,0.312,0.000,0
21.60,Nick ,AUIT_Multi,BAC,0.618,1.918,1.121,36.1,357.6,0.699,1.918,1.523,0.972,1.918,1.344,World,CabinetD05Door,24.8,21.8,0.410,0.418,0,0,None,None,1,1,0,0,0.0168,0.3223,0.326,0.000,0
21.71,Nick ,AUIT_Multi,BAC,0.620,1.918,1.118,36.9,357.8,0.701,1.918,1.522,0.971,1.918,1.317,World,CabinetD05Door,25.7,23.7,0.412,0.403,0,0,None,None,0,1,0,0,0.0192,0.2489,0.339,0.000,0
21.81,Nick ,AUIT_Multi,BAC,0.622,1.917,1.116,37.5,358.1,0.706,1.918,1.521,0.971,1.918,1.306,World,CabinetD05Door,25.9,24.1,0.414,0.398,0,0,None,None,0,1,0,0,0.0533,0.1125,0.342,0.000,0
21.91,Nick ,AUIT_Multi,BAC,0.624,1.916,1.113,38.1,358.8,0.713,1.917,1.521,0.974,1.917,1.298,World,CabinetD05Door,25.8,24.1,0.417,0.396,0,0,None,None,0,1,0,0,0.0707,0.0816,0.343,0.000,0
22.01,Nick ,AUIT_Multi,BAC,0.625,1.914,1.113,38.1,360.0,0.719,1.916,1.520,0.977,1.916,1.292,World,CabinetD05Door,25.2,24.8,0.418,0.395,0,0,None,None,0,1,0,0,0.0658,0.0698,0.345,0.000,0
22.10,Nick ,AUIT_Multi,BAC,0.616,1.910,1.120,30.1,3.5,0.706,1.913,1.520,0.975,1.913,1.305,World,Quad,17.8,32.9,0.410,0.404,0,0,None,None,1,0,0,0,0.1310,0.1376,0.344,0.000,0
22.21,Nick ,AUIT_Multi,BAC,0.589,1.908,1.131,10.0,7.3,0.611,1.909,1.525,0.980,1.909,1.442,World,Quad,10.1,42.0,0.394,0.499,0,0,None,None,1,0,0,0,0.8558,1.2332,0.377,0.000,0
22.31,Nick ,AUIT_Multi,BAC,0.557,1.905,1.124,344.3,9.6,0.446,1.908,1.523,0.871,1.908,1.610,World,Quad,9.9,49.3,0.414,0.578,0,0,None,None,1,0,0,0,1.7044,2.0554,0.434,0.000,0
22.41,Nick ,AUIT_Multi,BAC,0.528,1.895,1.091,315.3,13.1,0.334,1.903,1.362,0.607,1.903,1.649,World,CabinetD06Door,17.1,54.1,0.333,0.564,0,0,None,None,1,0,0,0,2.0192,2.7405,0.396,0.000,0
22.51,Nick ,AUIT_Multi,BAC,0.525,1.889,1.034,286.9,15.8,0.032,1.895,1.199,0.314,1.895,1.590,World,Wall4m,16.6,54.2,0.520,0.595,0,0,None,None,1,0,0,0,3.5311,3.0742,0.482,0.000,0
22.60,Nick ,AUIT_Multi,BAC,0.553,1.880,0.978,263.7,17.0,-0.045,1.888,0.909,-0.078,1.888,1.464,World,Refrigerator03_Door01,17.7,46.7,0.602,0.796,0,1,None,CabinetD06Door,1,0,0,0,3.0859,4.2397,0.556,0.000,0
22.71,Nick ,AUIT_Multi,BAC,0.598,1.875,0.936,246.6,18.1,-0.109,1.879,0.466,-0.059,1.855,1.235,World,Refrigerator03,20.9,49.8,0.849,0.722,0,0,None,None,1,0,1,0,4.0263,2.0873,0.771,0.000,0
22.81,Nick ,AUIT_Multi,BAC,0.628,1.879,0.909,237.6,17.1,-0.077,1.877,0.143,-0.018,1.826,1.056,World,Refrigerator03,22.5,46.1,1.041,0.665,0,0,None,None,1,0,1,0,3.3390,1.9083,0.916,0.000,0
22.91,Nick ,AUIT_Multi,BAC,0.649,1.885,0.879,234.1,16.5,0.002,1.880,-0.079,-0.175,1.853,0.830,World,Refrigerator03,25.7,35.0,1.157,0.826,0,0,None,None,0,0,0,0,2.4302,2.8484,0.927,0.000,0
23.00,Nick ,AUIT_Multi,BAC,0.664,1.887,0.844,234.7,17.1,0.057,1.885,-0.163,-0.298,1.881,0.706,World,Refrigerator03,28.8,31.5,1.176,0.972,0,0,None,None,0,0,0,0,1.0365,1.8230,0.939,0.000,0
23.10,Nick ,AUIT_Multi,BAC,0.671,1.886,0.800,235.7,16.8,0.067,1.886,-0.202,-0.315,1.886,0.663,World,Refrigerator03,29.5,30.9,1.170,0.995,0,0,None,None,0,0,0,0,0.4168,0.4824,0.946,0.000,0
23.21,Nick ,AUIT_Multi,BAC,0.665,1.882,0.740,237.1,16.6,0.071,1.885,-0.213,-0.127,1.872,0.624,World,Refrigerator03,29.9,29.0,1.124,0.801,0,0,None,None,0,0,0,0,0.1042,1.7458,0.861,0.000,0
23.31,Nick ,AUIT_Multi,BAC,0.649,1.878,0.680,239.7,17.1,0.070,1.881,-0.195,0.084,1.855,0.592,World,Refrigerator03,31.0,25.8,1.049,0.572,0,0,None,None,0,0,0,0,0.1915,2.2347,0.788,0.000,0
23.40,Nick ,AUIT_Multi,BAC,0.630,1.874,0.615,241.5,16.4,0.049,1.877,-0.186,0.046,1.854,0.569,World,Refrigerator03,30.2,27.7,0.989,0.586,0,0,None,None,0,0,0,0,0.2368,0.4583,0.756,0.000,0
23.50,Nick ,AUIT_Multi,BAC,0.611,1.879,0.558,242.1,17.1,0.027,1.876,-0.205,-0.261,1.872,0.547,World,Refrigerator03,29.6,31.5,0.960,0.872,0,0,None,None,0,0,0,0,0.2946,3.1691,0.805,0.000,0
23.61,Nick ,AUIT_Multi,BAC,0.581,1.888,0.502,242.9,15.8,0.012,1.882,-0.233,-0.313,1.882,0.501,World,Refrigerator03,29.2,30.7,0.930,0.894,0,0,None,None,0,0,0,0,0.2961,0.6304,0.803,0.000,0
23.71,Nick ,AUIT_Multi,BAC,0.544,1.888,0.461,244.4,15.6,0.001,1.887,-0.232,-0.188,1.867,0.426,World,Refrigerator03,30.3,26.5,0.881,0.733,0,0,None,None,0,0,0,0,0.1246,1.5108,0.685,0.000,0
23.81,Nick ,AUIT_Multi,BAC,0.500,1.881,0.424,245.9,16.2,-0.014,1.886,-0.210,-0.019,1.845,0.338,World,Refrigerator03,31.3,18.9,0.817,0.527,0,0,None,None,0,1,0,0,0.2743,1.9788,0.550,0.000,0
23.90,Nick ,AUIT_Multi,BAC,0.447,1.870,0.392,246.3,16.1,-0.033,1.879,-0.187,-0.041,1.844,0.323,World,Refrigerator03,31.2,20.0,0.753,0.494,0,0,None,None,0,1,0,0,0.3116,0.2822,0.511,0.000,0
24.00,Nick ,AUIT_Multi,BAC,0.385,1.861,0.366,245.7,15.2,-0.051,1.869,-0.172,-0.277,1.863,0.386,World,Refrigerator03,30.8,30.0,0.693,0.663,0,0,None,None,0,0,0,0,0.2642,2.5241,0.602,0.000,0
24.11,Nick ,AUIT_Multi,BAC,0.305,1.872,0.339,246.1,14.9,-0.069,1.863,-0.146,-0.315,1.863,0.368,World,Refrigerator03,31.5,29.7,0.613,0.620,0,0,None,None,0,0,0,0,0.2904,0.3825,0.569,0.000,0
24.21,Nick ,AUIT_Multi,BAC,0.247,1.880,0.320,246.3,15.0,-0.077,1.862,-0.108,-0.277,1.859,0.310,World,Refrigerator03,31.6,25.6,0.537,0.524,0,0,None,None,0,0,0,0,0.3976,0.7109,0.464,0.000,0
24.31,Nick ,AUIT_Multi,BAC,0.205,1.886,0.302,247.9,15.4,-0.078,1.854,-0.073,-0.209,1.846,0.228,World,Refrigerator03,32.4,15.5,0.471,0.422,0,0,None,None,0,1,0,0,0.3722,1.1022,0.328,0.000,0
24.40,Nick ,AUIT_Multi,BAC,0.180,1.890,0.285,250.0,15.5,-0.079,1.845,-0.039,-0.336,1.845,0.198,World,Refrigerator03,32.2,14.7,0.418,0.526,0,0,None,None,0,1,0,0,0.3564,1.3574,0.350,0.000,0
24.50,Nick ,AUIT_Multi,BAC,0.171,1.892,0.272,254.4,14.8,-0.081,1.837,-0.005,-0.385,1.883,0.316,World,Refrigerator03,32.2,24.2,0.378,0.558,0,0,None,None,0,1,0,0,0.3619,1.3694,0.445,0.000,0
24.61,Nick ,AUIT_Multi,BAC,0.176,1.898,0.259,262.3,13.7,-0.085,1.827,0.034,-0.439,1.892,0.389,World,Refrigerator03,32.4,23.4,0.352,0.629,0,0,None,None,0,1,0,0,0.3674,0.8181,0.505,0.000,0
24.71,Nick ,AUIT_Multi,BAC,0.195,1.906,0.250,272.9,9.5,-0.090,1.820,0.074,-0.581,1.900,0.525,World,Refrigerator03,34.2,18.9,0.345,0.823,0,0,None,None,0,1,0,1,0.4153,2.0231,0.672,0.000,0
24.81,Nick ,AUIT_Multi,BAC,0.221,1.909,0.236,282.3,6.7,-0.086,1.812,0.116,-0.597,1.906,0.687,World,Refrigerator03,34.3,17.8,0.344,0.934,0,0,None,None,0,1,0,1,0.4475,1.6711,0.772,0.000,0
24.91,Nick ,AUIT_Multi,BAC,0.247,1.910,0.224,293.0,3.8,-0.082,1.803,0.158,-0.642,1.909,0.935,World,Refrigerator03,36.4,16.1,0.352,1.139,0,0,None,None,0,1,0,1,0.4426,2.5926,0.964,0.000,0
25.00,Nick ,AUIT_Multi,BAC,0.269,1.912,0.219,305.2,1.2,-0.078,1.794,0.204,-0.515,1.911,1.124,World,Wall4m,40.8,13.9,0.367,1.198,0,0,None,None,0,1,0,1,0.4838,2.3464,1.025,0.000,0
25.11,Nick ,AUIT_Multi,BAC,0.297,1.909,0.228,318.8,2.4,-0.074,1.783,0.261,-0.261,1.911,1.284,World,Wall4m,45.7,13.5,0.393,1.195,0,0,None,None,0,1,0,1,0.5254,2.7015,1.047,0.000,0
25.21,Nick ,AUIT_Multi,BAC,0.337,1.904,0.250,333.3,6.1,-0.159,1.867,0.446,-0.024,1.907,1.218,World,CabinetD07,41.6,8.9,0.534,1.033,0,0,None,None,0,1,0,1,2.2520,2.5328,0.785,0.000,0
25.31,Nick ,AUIT_Multi,BAC,0.390,1.897,0.277,350.2,9.9,-0.114,1.897,0.662,0.137,1.902,0.954,World,CabinetD06,43.7,14.8,0.634,0.722,0,0,None,None,0,1,0,0,2.2983,3.1875,0.385,0.000,0
25.41,Nick ,AUIT_Multi,BAC,0.439,1.894,0.311,359.6,10.2,-0.061,1.896,0.973,0.284,1.896,0.674,World,CabinetD06,37.9,24.9,0.830,0.395,0,0,None,None,0,1,0,0,3.2414,3.2483,0.457,1.000,0
25.50,Nick ,AUIT_Multi,BAC,0.481,1.890,0.353,3.7,10.8,0.103,1.893,1.011,0.813,1.893,1.206,World,Wall4m,35.1,20.6,0.759,0.916,0,0,None,None,0,1,0,1,1.7313,7.7161,0.736,0.000,0
25.61,Nick ,AUIT_Multi,BAC,0.530,1.881,0.417,7.3,12.1,0.233,1.887,1.044,0.982,1.887,1.254,World,CabinetD05,34.8,24.3,0.694,0.951,0,0,None,None,0,1,0,1,1.2073,1.5809,0.778,0.000,0
25.71,Nick ,AUIT_Multi,BAC,0.578,1.877,0.480,10.2,13.8,0.318,1.881,1.118,1.020,1.881,1.217,World,CabinetD05,35.0,24.9,0.689,0.859,0,0,None,None,0,1,0,1,1.1631,0.5451,0.709,0.000,0
25.81,Nick ,AUIT_Multi,BAC,0.626,1.876,0.538,12.9,17.9,0.378,1.877,1.289,0.905,1.876,1.120,World,CabinetD05,35.5,21.8,0.791,0.645,0,0,None,None,0,1,0,0,1.8576,1.5500,0.553,0.000,0
25.91,Nick ,AUIT_Multi,BAC,0.662,1.881,0.586,15.5,16.9,0.457,1.878,1.369,0.781,1.872,1.010,World,CabinetD05,34.1,15.6,0.809,0.440,0,0,None,None,0,1,0,0,1.1542,1.7028,0.484,0.000,0
26.00,Nick ,AUIT_Multi,BAC,0.686,1.886,0.634,16.6,16.8,0.529,1.882,1.382,1.073,1.878,1.188,World,CabinetD05,32.5,24.3,0.764,0.676,0,0,None,None,0,1,0,0,0.7593,3.5169,0.578,0.000,0
26.11,Nick ,AUIT_Multi,BAC,0.700,1.885,0.694,17.2,16.6,0.578,1.885,1.399,1.276,1.885,1.320,World,CabinetD05,31.5,30.1,0.715,0.851,0,0,None,None,0,0,0,0,0.4645,2.1853,0.703,0.000,0
26.21,Nick ,AUIT_Multi,BAC,0.704,1.877,0.751,18.6,17.8,0.604,1.883,1.414,1.275,1.883,1.333,World,CabinetD05,32.3,31.3,0.670,0.815,0,0,None,None,0,0,0,0,0.3110,0.1330,0.676,0.000,0
26.31,Nick ,AUIT_Multi,BAC,0.701,1.868,0.810,20.2,18.2,0.630,1.876,1.426,1.139,1.862,1.291,World,CabinetD05,32.4,28.0,0.620,0.651,0,0,None,None,0,0,0,0,0.3049,1.4876,0.526,0.000,0
26.41,Nick ,AUIT_Multi,BAC,0.691,1.862,0.874,21.9,17.9,0.649,1.868,1.441,1.004,1.843,1.252,World,CabinetD05,31.7,23.4,0.569,0.491,0,0,None,None,0,1,0,0,0.2649,1.4566,0.403,0.000,0
26.50,Nick ,AUIT_Multi,BAC,0.680,1.867,0.941,23.7,18.8,0.661,1.864,1.458,1.052,1.852,1.278,World,CabinetD05,31.3,29.2,0.517,0.502,0,0,None,None,0,0,0,0,0.2143,0.5666,0.431,0.000,0
26.61,Nick ,AUIT_Multi,BAC,0.676,1.871,1.009,23.6,20.2,0.664,1.867,1.478,1.022,1.866,1.267,World,CabinetD05,31.5,35.0,0.469,0.431,0,0,None,None,0,0,0,0,0.1842,0.3158,0.416,0.000,0
26.71,Nick ,AUIT_Multi,BAC,0.686,1.876,1.068,25.5,20.8,0.671,1.872,1.494,0.989,1.872,1.286,World,CabinetD05,33.7,34.7,0.427,0.373,0,0,None,None,0,0,0,0,0.1857,0.3932,0.380,0.000,0
26.81,Nick ,AUIT_Multi,BAC,0.701,1.874,1.121,27.0,23.0,0.697,1.865,1.503,0.957,1.856,1.333,World,CabinetD05,34.5,30.1,0.382,0.333,0,0,None,None,0,0,0,0,0.2947,0.6069,0.311,0.000,0
26.91,Nick ,AUIT_Multi,BAC,0.719,1.865,1.167,25.4,26.9,0.723,1.856,1.511,0.923,1.836,1.385,World,CabinetD05,34.8,27.3,0.344,0.300,0,0,None,None,0,0,0,0,0.2897,0.6697,0.238,0.000,0
27.00,Nick ,AUIT_Multi,BAC,0.743,1.863,1.205,23.4,27.8,0.749,1.847,1.519,0.943,1.843,1.424,World,CabinetD05,32.6,29.9,0.315,0.298,0,0,None,None,0,0,0,0,0.3009,0.4554,0.215,0.000,0
27.10,Nick ,AUIT_Multi,BAC,0.769,1.862,1.235,22.5,28.1,0.776,1.838,1.526,0.981,1.860,1.449,World,CabinetD05,31.0,34.9,0.292,0.301,0,0,None,None,0,0,0,0,0.2939,0.5047,0.220,0.000,0
27.21,Nick ,AUIT_Multi,BAC,0.796,1.861,1.261,22.2,27.9,0.806,1.829,1.534,0.988,1.862,1.456,World,CabinetD05,28.4,35.2,0.275,0.274,0,0,None,None,0,0,0,0,0.2926,0.0885,0.201,0.000,0
27.31,Nick ,AUIT_Multi,BAC,0.814,1.861,1.274,20.7,28.1,0.830,1.820,1.540,0.990,1.861,1.458,World,CabinetD05,25.4,35.9,0.269,0.254,0,0,None,None,0,0,0,0,0.2755,0.0253,0.184,0.000,0
27.41,Nick ,AUIT_Multi,BAC,0.829,1.858,1.282,19.8,28.0,0.855,1.812,1.546,0.991,1.860,1.460,World,CabinetD05,22.4,35.9,0.269,0.240,0,0,None,None,1,0,0,0,0.2754,0.0268,0.168,0.000,0
27.50,Nick ,AUIT_Multi,BAC,0.837,1.856,1.284,19.1,28.8,0.880,1.803,1.551,0.993,1.858,1.461,World,CabinetD05,20.2,36.2,0.275,0.236,0,0,None,None,1,0,0,0,0.2727,0.0355,0.155,0.000,0
27.60,Nick ,AUIT_Multi,BAC,0.839,1.857,1.280,18.4,28.3,0.903,1.795,1.556,0.994,1.856,1.463,World,CabinetD05,16.8,35.1,0.290,0.240,0,0,None,None,1,0,0,0,0.2600,0.0261,0.144,0.000,0
27.71,Nick ,AUIT_Multi,BAC,0.837,1.858,1.269,19.2,27.4,0.930,1.786,1.562,0.995,1.857,1.464,World,CabinetD05,14.2,33.2,0.316,0.251,0,0,None,None,1,0,0,0,0.2658,0.0181,0.137,0.000,0
27.81,Nick ,AUIT_Multi,BAC,0.828,1.860,1.257,20.4,27.2,0.853,1.845,1.559,0.996,1.859,1.465,World,CabinetD05,28.7,32.2,0.304,0.267,0,0,None,None,0,0,0,0,1.0066,0.0165,0.172,0.000,0
27.91,Nick ,AUIT_Multi,BAC,0.816,1.866,1.241,21.8,25.1,0.840,1.859,1.557,0.996,1.861,1.464,World,CabinetD05,29.1,29.1,0.316,0.287,0,0,None,None,0,0,0,0,0.1934,0.0254,0.180,0.000,0
28.00,Nick ,AUIT_Multi,BAC,0.796,1.892,1.216,25.9,12.5,0.840,1.874,1.552,0.993,1.874,1.446,World,CabinetD05,20.5,17.0,0.340,0.303,0,0,None,None,1,1,0,0,0.1560,0.2362,0.186,0.000,0
28.10,Nick ,AUIT_Multi,BAC,0.770,1.908,1.189,28.8,5.6,0.839,1.893,1.545,0.989,1.893,1.413,World,Quad,18.1,15.9,0.363,0.313,0,0,None,None,1,1,0,0,0.2152,0.3951,0.200,0.000,0
28.21,Nick ,AUIT_Multi,BAC,0.739,1.915,1.165,31.5,2.5,0.837,1.908,1.539,0.986,1.908,1.392,World,Quad,16.9,15.8,0.387,0.336,0,0,None,None,1,1,0,0,0.1483,0.2295,0.208,0.000,0
28.31,Nick ,AUIT_Multi,BAC,0.715,1.917,1.149,33.3,1.5,0.836,1.914,1.534,0.984,1.914,1.383,World,Quad,15.8,15.8,0.403,0.356,0,0,None,None,1,1,0,0,0.0799,0.1184,0.211,0.000,0
28.41,Nick ,AUIT_Multi,BAC,0.696,1.916,1.137,33.6,0.8,0.832,1.917,1.531,0.982,1.917,1.381,World,Quad,14.6,16.0,0.417,0.376,0,0,None,None,1,1,0,0,0.0589,0.0331,0.212,0.000,0
28.50,Nick ,AUIT_Multi,BAC,0.682,1.914,1.125,34.0,1.4,0.819,1.916,1.527,0.981,1.916,1.380,World,Quad,15.3,15.7,0.425,0.393,0,0,None,None,1,1,0,0,0.1408,0.0168,0.219,0.000,0
28.60,Nick ,AUIT_Multi,BAC,0.672,1.913,1.112,35.5,1.2,0.815,1.914,1.524,0.980,1.914,1.373,World,Quad,16.4,14.2,0.437,0.404,0,0,None,None,1,1,0,0,0.0491,0.0716,0.223,0.000,0
28.71,Nick ,AUIT_Multi,BAC,0.664,1.914,1.094,37.7,359.6,0.814,1.913,1.520,0.977,1.913,1.339,World,Quad,18.3,14.3,0.452,0.397,0,0,None,None,1,1,0,0,0.0394,0.3118,0.244,0.000,0
28.81,Nick ,AUIT_Multi,BAC,0.658,1.915,1.082,39.2,358.5,0.813,1.914,1.516,0.978,1.914,1.303,World,CabinetD05Door,19.6,16.2,0.462,0.389,0,0,None,None,1,1,0,0,0.0436,0.3714,0.270,0.000,0
28.91,Nick ,AUIT_Multi,BAC,0.653,1.915,1.074,40.6,357.9,0.812,1.915,1.513,0.993,1.915,1.282,World,CabinetD05Door,20.9,18.0,0.467,0.399,0,0,None,None,1,1,0,0,0.0349,0.2677,0.294,0.000,0
29.00,Nick ,AUIT_Multi,BAC,0.650,1.914,1.070,41.5,358.3,0.811,1.915,1.512,1.031,1.915,1.278,World,CabinetD05Door,21.5,20.0,0.470,0.434,0,0,None,None,1,1,0,0,0.0199,0.3941,0.321,0.000,0
29.10,Nick ,AUIT_Multi,BAC,0.647,1.914,1.069,42.0,358.4,0.811,1.914,1.511,1.084,1.914,1.292,World,CabinetD05Door,21.8,21.0,0.471,0.491,0,0,None,None,1,1,0,0,0.0106,0.5613,0.350,0.000,0
29.21,Nick ,AUIT_Multi,BAC,0.645,1.914,1.070,42.6,358.4,0.811,1.914,1.511,1.234,1.914,1.356,World,CabinetD05Door,22.1,21.6,0.470,0.654,0,0,None,None,1,1,0,0,0.0042,1.4690,0.451,0.000,0
29.31,Nick ,AUIT_Multi,BAC,0.644,1.913,1.072,42.9,358.8,0.811,1.913,1.511,1.263,1.913,1.365,World,CabinetD05Door,22.1,21.8,0.470,0.684,0,0,None,None,1,1,0,0,0.0056,0.3051,0.475,0.000,0
29.41,Nick ,AUIT_Multi,BAC,0.644,1.911,1.073,43.3,359.5,0.811,1.913,1.512,1.279,1.913,1.366,World,CabinetD05Door,22.4,22.0,0.469,0.699,0,0,None,None,1,1,0,0,0.0098,0.1733,0.491,0.000,0
29.50,Nick ,AUIT_Multi,BAC,0.644,1.911,1.073,43.9,360.0,0.811,1.911,1.512,1.300,1.911,1.366,World,CabinetD05Door,23.0,22.1,0.469,0.718,0,0,None,None,1,1,0,0,0.0120,0.2116,0.510,0.000,0
29.60,Nick ,AUIT_Multi,BAC,0.643,1.911,1.074,44.4,0.4,0.811,1.911,1.512,1.336,1.911,1.367,World,CabinetD05Door,23.4,22.7,0.469,0.752,0,0,None,None,1,1,0,0,0.0059,0.3708,0.545,0.000,0
29.71,Nick ,AUIT_Multi,BAC,0.642,1.910,1.074,44.6,0.9,0.811,1.910,1.512,1.359,1.910,1.366,World,CabinetD05Door,23.5,23.2,0.469,0.774,0,0,None,None,1,1,0,0,0.0041,0.2040,0.566,0.000,0
29.81,Nick ,AUIT_Multi,BAC,0.641,1.911,1.074,45.0,0.7,0.811,1.911,1.512,1.370,1.911,1.366,World,CabinetD05Door,23.8,23.2,0.470,0.785,0,0,None,None,1,1,0,0,0.0025,0.1211,0.578,0.000,0
29.91,Nick ,AUIT_Multi,BAC,0.641,1.912,1.074,45.5,0.1,0.811,1.911,1.512,1.398,1.911,1.367,World,CabinetD05Door,24.3,23.3,0.471,0.812,0,0,None,None,1,1,0,1,0.0072,0.2842,0.604,0.000,0
30.00,Nick ,AUIT_Multi,BAC,0.639,1.912,1.074,45.4,0.2,0.811,1.912,1.512,1.435,1.912,1.367,World,CabinetD05Door,23.9,24.4,0.471,0.848,0,0,None,None,1,1,0,1,0.0084,0.3789,0.640,0.000,0
30.10,Nick ,AUIT_Multi,BAC,0.634,1.911,1.077,41.3,1.4,0.796,1.912,1.512,1.408,1.912,1.365,World,CabinetD05Door,20.9,28.3,0.464,0.825,0,0,None,None,1,0,0,0,0.1549,0.2793,0.629,0.000,0
30.21,Nick ,AUIT_Multi,BAC,0.625,1.910,1.081,33.9,2.5,0.746,1.911,1.511,1.113,1.911,1.298,World,Quad,18.4,32.2,0.446,0.534,0,0,None,None,1,0,0,0,0.4537,2.7207,0.424,0.000,0
30.31,Nick ,AUIT_Multi,BAC,0.615,1.909,1.084,28.4,3.0,0.688,1.910,1.511,0.995,1.910,1.307,World,CabinetD05,19.0,31.3,0.433,0.441,0,0,None,None,1,0,0,0,0.5948,1.2107,0.369,0.000,0
30.41,Nick ,AUIT_Multi,BAC,0.605,1.909,1.085,24.6,3.0,0.638,1.909,1.513,0.979,1.909,1.357,World,CabinetD05,20.4,29.4,0.429,0.462,0,0,None,None,1,0,0,0,0.5126,0.5435,0.374,0.000,0
30.50,Nick ,AUIT_Multi,BAC,0.599,1.910,1.083,22.8,2.3,0.602,1.909,1.518,0.978,1.909,1.403,World,CabinetD05,22.6,27.1,0.435,0.496,0,0,None,None,1,0,0,0,0.3794,0.4730,0.394,0.000,0
30.60,Nick ,AUIT_Multi,BAC,0.597,1.910,1.079,22.9,2.1,0.585,1.910,1.517,0.978,1.910,1.422,World,CabinetD05,24.6,25.2,0.437,0.513,0,0,None,None,1,0,0,0,0.1710,0.1992,0.404,0.000,0
30.71,Nick ,AUIT_Multi,BAC,0.596,1.910,1.075,23.8,1.2,0.583,1.910,1.516,0.977,1.910,1.420,World,CabinetD05,25.6,24.1,0.441,0.514,0,0,None,None,0,1,0,0,0.0207,0.0232,0.406,0.000,0
30.81,Nick ,AUIT_Multi,BAC,0.595,1.911,1.072,24.9,0.7,0.588,1.910,1.516,0.977,1.910,1.407,World,CabinetD05,25.9,23.8,0.444,0.507,0,0,None,None,0,1,0,0,0.0528,0.1374,0.404,0.000,0
30.91,Nick ,AUIT_Multi,BAC,0.595,1.911,1.071,26.0,0.4,0.596,1.911,1.514,0.976,1.911,1.391,World,CabinetD05,25.9,23.9,0.443,0.497,0,0,None,None,0,1,0,0,0.0844,0.1575,0.399,0.000,0
31.00,Nick ,AUIT_Multi,BAC,0.595,1.911,1.071,26.5,0.4,0.603,1.911,1.512,0.975,1.911,1.379,World,CabinetD05,25.5,24.5,0.441,0.490,0,0,None,None,0,1,0,0,0.0741,0.1219,0.396,0.000,0
31.10,Nick ,AUIT_Multi,BAC,0.596,1.911,1.072,26.8,0.8,0.607,1.911,1.511,0.975,1.911,1.373,World,CabinetD05,25.4,24.7,0.440,0.484,0,0,None,None,0,1,0,0,0.0472,0.0678,0.393,0.000,0
31.21,Nick ,AUIT_Multi,BAC,0.598,1.908,1.074,26.5,2.5,0.610,1.910,1.511,0.975,1.910,1.372,World,CabinetD05,25.1,25.5,0.437,0.480,0,0,None,None,0,0,0,0,0.0232,0.0163,0.392,0.000,0
31.31,Nick ,AUIT_Multi,BAC,0.597,1.906,1.078,25.5,4.1,0.607,1.908,1.513,0.976,1.908,1.378,World,CabinetD05,24.5,26.4,0.435,0.483,0,0,None,None,1,0,0,0,0.0350,0.0693,0.392,0.000,0
31.41,Nick ,AUIT_Multi,BAC,0.593,1.903,1.080,24.0,5.7,0.598,1.906,1.516,0.976,1.906,1.394,World,CabinetD05,24.0,27.4,0.436,0.496,0,0,None,None,1,0,0,0,0.1048,0.1689,0.398,0.000,0
31.50,Nick ,AUIT_Multi,BAC,0.587,1.900,1.084,22.2,7.5,0.583,1.903,1.516,0.977,1.903,1.419,World,CabinetD05,24.1,28.1,0.432,0.514,0,0,None,None,1,0,0,0,0.1616,0.2565,0.406,0.000,0
31.60,Nick ,AUIT_Multi,BAC,0.584,1.897,1.089,20.4,9.1,0.565,1.899,1.513,0.978,1.899,1.449,World,CabinetD05,24.7,28.6,0.425,0.534,0,0,None,None,1,0,0,0,0.1874,0.3149,0.418,0.000,0
31.71,Nick ,AUIT_Multi,BAC,0.586,1.899,1.100,18.3,9.4,0.547,1.897,1.514,0.980,1.897,1.488,World,CabinetD05,25.3,28.5,0.416,0.552,0,0,None,None,0,0,0,0,0.1598,0.3458,0.433,0.000,0
31.81,Nick ,AUIT_Multi,BAC,0.595,1.899,1.114,17.5,8.8,0.540,1.899,1.517,0.981,1.899,1.518,World,CabinetD05,26.8,27.4,0.407,0.559,0,0,None,None,0,0,0,0,0.0849,0.3140,0.441,0.000,0
31.91,Nick ,AUIT_Multi,BAC,0.608,1.899,1.131,16.4,9.4,0.543,1.899,1.521,0.981,1.899,1.537,World,CabinetD05,27.4,27.7,0.395,0.552,0,0,None,None,0,0,0,0,0.0542,0.1961,0.439,0.000,0
32.00,Nick ,AUIT_Multi,BAC,0.624,1.900,1.150,14.9,9.8,0.549,1.899,1.526,0.983,1.899,1.561,World,CabinetD05,27.9,27.8,0.384,0.546,0,0,None,None,0,0,0,0,0.0802,0.2446,0.436,0.000,0
32.10,Nick ,AUIT_Multi,BAC,0.642,1.901,1.167,13.9,10.5,0.559,1.900,1.532,0.984,1.900,1.579,World,CabinetD05,28.5,27.7,0.374,0.535,0,0,None,None,0,0,0,0,0.1250,0.1817,0.428,0.000,0
32.21,Nick ,AUIT_Multi,BAC,0.663,1.901,1.185,12.7,11.3,0.572,1.901,1.539,0.986,1.901,1.597,World,CabinetD05,29.2,27.7,0.365,0.524,0,0,None,None,0,0,0,0,0.1325,0.1710,0.418,0.000,0
32.31,Nick ,AUIT_Multi,BAC,0.684,1.900,1.204,13.1,13.2,0.588,1.901,1.547,0.988,1.901,1.602,World,CabinetD05,31.4,27.5,0.356,0.500,0,0,None,None,0,0,0,0,0.1826,0.0449,0.403,0.000,0
32.41,Nick ,AUIT_Multi,BAC,0.714,1.893,1.225,16.5,16.9,0.619,1.898,1.550,0.988,1.898,1.582,World,CabinetD05,37.0,27.1,0.339,0.450,0,0,None,None,0,0,0,0,0.3185,0.2002,0.371,0.000,0
32.50,Nick ,AUIT_Multi,BAC,0.746,1.881,1.245,24.8,22.0,0.679,1.891,1.550,0.985,1.891,1.516,World,CabinetD05,43.3,28.6,0.313,0.361,0,0,None,None,0,0,0,0,0.6257,0.6920,0.308,0.000,0
32.60,Nick ,AUIT_Multi,BAC,0.764,1.874,1.266,28.1,24.4,0.745,1.881,1.555,0.982,1.881,1.449,World,CabinetD05,40.2,33.3,0.290,0.285,0,0,None,None,0,0,0,0,0.6913,0.6902,0.259,0.000,0
32.71,Nick ,AUIT_Multi,BAC,0.776,1.868,1.285,26.5,26.3,0.776,1.873,1.562,0.982,1.873,1.440,World,CabinetD05,37.4,37.5,0.276,0.258,0,0,None,None,0,0,0,0,0.2896,0.1101,0.240,0.000,0
32.81,Nick ,AUIT_Multi,BAC,0.790,1.864,1.295,27.1,27.1,0.787,1.868,1.566,0.983,1.868,1.447,World,CabinetD05,38.6,36.7,0.270,0.246,0,0,None,None,0,0,0,0,0.1297,0.0901,0.230,0.000,0
32.91,Nick ,AUIT_Multi,BAC,0.801,1.861,1.303,27.5,27.9,0.801,1.864,1.568,0.984,1.864,1.446,World,CabinetD05,38.8,37.0,0.265,0.231,0,0,None,None,0,0,0,0,0.1559,0.0419,0.220,0.000,0
33.00,Nick ,AUIT_Multi,BAC,0.812,1.859,1.313,27.5,28.3,0.814,1.861,1.570,0.984,1.861,1.444,World,CabinetD05,38.8,37.6,0.258,0.217,0,0,None,None,0,0,0,0,0.1326,0.0334,0.212,0.000,0
33.10,Nick ,AUIT_Multi,BAC,0.821,1.855,1.323,27.7,29.3,0.824,1.858,1.573,0.984,1.858,1.445,World,CabinetD05,39.5,38.7,0.250,0.204,0,0,None,None,0,0,0,0,0.1183,0.0306,0.205,0.000,0
33.21,Nick ,AUIT_Multi,BAC,0.831,1.852,1.333,27.7,30.7,0.834,1.855,1.576,0.985,1.855,1.449,World,CabinetD05,40.5,39.7,0.243,0.193,0,0,None,None,0,0,0,0,0.0977,0.0478,0.197,0.000,0
33.31,Nick ,AUIT_Multi,BAC,0.837,1.850,1.340,27.4,30.9,0.843,1.852,1.578,0.985,1.852,1.450,World,CabinetD05,39.9,39.7,0.239,0.185,0,0,None,None,0,0,0,0,0.0930,0.0346,0.191,0.000,0
33.41,Nick ,AUIT_Multi,BAC,0.843,1.849,1.344,26.6,30.9,0.847,1.850,1.580,0.986,1.850,1.454,World,CabinetD05,39.5,39.5,0.236,0.180,0,0,None,None,0,0,0,0,0.0541,0.0452,0.187,0.000,0
33.50,Nick ,AUIT_Multi,BAC,0.849,1.849,1.346,26.4,30.5,0.851,1.849,1.581,0.986,1.849,1.457,World,CabinetD05,39.4,38.8,0.235,0.176,0,0,None,None,0,0,0,0,0.0400,0.0266,0.184,0.000,0
33.60,Nick ,AUIT_Multi,BAC,0.852,1.848,1.345,26.3,30.7,0.855,1.849,1.581,0.987,1.849,1.456,World,CabinetD05,39.3,38.5,0.236,0.174,0,0,None,None,0,0,0,0,0.0418,0.0139,0.182,0.000,0
33.71,Nick ,AUIT_Multi,BAC,0.851,1.850,1.337,27.4,30.8,0.859,1.848,1.580,0.987,1.848,1.449,World,Wall4m,39.0,37.3,0.244,0.176,0,0,None,None,0,0,0,0,0.0359,0.0566,0.183,0.000,0
33.81,Nick ,AUIT_Multi,BAC,0.844,1.853,1.326,28.0,29.6,0.860,1.850,1.578,0.986,1.850,1.441,World,CabinetD05Door,37.0,36.1,0.253,0.182,0,0,None,None,0,0,0,0,0.0329,0.0910,0.186,0.000,0
33.91,Nick ,AUIT_Multi,BAC,0.832,1.859,1.312,29.0,28.0,0.860,1.854,1.575,0.986,1.854,1.435,World,CabinetD05Door,34.8,34.1,0.265,0.197,0,0,None,None,0,0,0,0,0.0498,0.0741,0.189,0.000,0
34.00,Nick ,AUIT_Multi,BAC,0.815,1.869,1.292,30.0,24.3,0.860,1.861,1.572,0.986,1.861,1.432,World,CabinetD05Door,30.3,29.9,0.283,0.220,0,0,None,None,0,0,0,0,0.0775,0.0736,0.188,0.000,0
34.10,Nick ,AUIT_Multi,BAC,0.792,1.882,1.270,30.6,18.9,0.856,1.871,1.567,0.985,1.871,1.431,World,CabinetD05Door,24.7,25.3,0.304,0.252,0,0,None,None,1,0,0,0,0.1218,0.1049,0.187,0.000,0
34.21,Nick ,AUIT_Multi,BAC,0.762,1.898,1.244,31.0,11.7,0.842,1.885,1.560,0.985,1.885,1.430,World,Quad,19.2,21.0,0.326,0.291,0,0,None,None,1,1,0,0,0.1935,0.1319,0.193,0.000,0
34.31,Nick ,AUIT_Multi,BAC,0.737,1.911,1.220,32.3,4.9,0.830,1.899,1.554,0.984,1.899,1.429,World,Quad,17.0,17.6,0.347,0.324,0,0,None,None,1,1,0,0,0.1982,0.1416,0.198,0.000,0
34.41,Nick ,AUIT_Multi,BAC,0.716,1.919,1.198,35.4,0.4,0.826,1.911,1.548,0.982,1.911,1.418,World,Quad,17.9,15.1,0.367,0.345,0,0,None,None,1,1,0,0,0.1423,0.1740,0.203,0.000,0
34.50,Nick ,AUIT_Multi,BAC,0.698,1.921,1.181,37.2,359.2,0.825,1.918,1.544,0.979,1.918,1.393,World,Quad,18.0,15.8,0.384,0.352,0,0,None,None,1,1,0,0,0.0895,0.2647,0.215,0.000,0
34.60,Nick ,AUIT_Multi,BAC,0.683,1.921,1.165,38.4,358.8,0.823,1.920,1.540,0.977,1.920,1.374,World,Quad,18.0,16.2,0.400,0.361,0,0,None,None,1,1,0,0,0.0490,0.2004,0.226,0.000,0
34.71,Nick ,AUIT_Multi,BAC,0.668,1.920,1.147,39.0,358.7,0.822,1.921,1.535,0.976,1.921,1.359,World,Quad,17.5,16.6,0.417,0.373,0,0,None,None,1,1,0,0,0.0427,0.1401,0.235,0.000,0
34.81,Nick ,AUIT_Multi,BAC,0.656,1.921,1.134,39.3,358.3,0.820,1.920,1.531,0.975,1.920,1.352,World,Quad,17.0,16.5,0.430,0.386,0,0,None,None,1,1,0,0,0.0405,0.0699,0.238,0.000,0
34.91,Nick ,AUIT_Multi,BAC,0.647,1.921,1.124,40.0,357.6,0.819,1.921,1.528,0.975,1.921,1.345,World,Quad,17.2,16.2,0.440,0.396,0,0,None,None,1,1,0,0,0.0348,0.0733,0.241,0.000,0
35.00,Nick ,AUIT_Multi,BAC,0.639,1.921,1.114,40.6,357.4,0.818,1.921,1.526,0.974,1.921,1.335,World,Quad,17.2,16.3,0.449,0.401,0,0,None,None,1,1,0,0,0.0284,0.1009,0.247,0.000,0
35.10,Nick ,AUIT_Multi,BAC,0.634,1.921,1.106,41.5,357.1,0.817,1.921,1.524,0.973,1.921,1.324,World,Quad,18.1,16.0,0.456,0.404,0,0,None,None,1,1,0,0,0.0258,0.1140,0.254,0.000,0
35.21,Nick ,AUIT_Multi,BAC,0.630,1.921,1.096,42.8,356.8,0.816,1.921,1.521,0.975,1.921,1.301,World,CabinetD05Door,19.5,16.8,0.463,0.401,0,0,None,None,1,1,0,0,0.0258,0.2088,0.272,0.000,0
35.31,Nick ,AUIT_Multi,BAC,0.629,1.920,1.090,43.6,356.8,0.815,1.921,1.519,0.988,1.921,1.285,World,CabinetD05Door,20.4,18.1,0.468,0.409,0,0,None,None,1,1,0,0,0.0245,0.2089,0.291,0.000,0
35.41,Nick ,AUIT_Multi,BAC,0.629,1.920,1.083,45.1,356.9,0.814,1.920,1.517,1.061,1.920,1.295,World,CabinetD05Door,22.2,18.9,0.472,0.482,0,0,None,None,1,1,0,0,0.0226,0.7586,0.332,0.000,0
35.50,Nick ,AUIT_Multi,BAC,0.629,1.919,1.077,46.4,357.0,0.813,1.919,1.515,1.304,1.919,1.357,World,CabinetD05Door,23.8,21.3,0.475,0.730,0,0,None,None,1,1,0,0,0.0226,2.5798,0.516,0.000,0
35.60,Nick ,AUIT_Multi,BAC,0.630,1.918,1.074,46.8,357.5,0.812,1.919,1.514,1.421,1.919,1.368,World,CabinetD05Door,24.3,23.0,0.476,0.843,0,0,None,None,1,1,0,1,0.0175,1.2054,0.626,0.000,0
35.71,Nick ,AUIT_Multi,BAC,0.632,1.917,1.070,47.8,357.9,0.812,1.918,1.512,1.514,1.918,1.367,World,CabinetD05Door,25.6,23.7,0.477,0.931,0,0,None,None,0,1,0,1,0.0143,0.8409,0.716,0.000,0
35.81,Nick ,AUIT_Multi,BAC,0.634,1.917,1.068,48.8,358.0,0.820,1.917,1.512,1.595,1.917,1.366,World,CabinetD05Door,26.1,24.0,0.482,1.007,0,0,None,None,0,1,0,1,0.0771,0.8359,0.789,0.000,0
35.91,Nick ,AUIT_Multi,BAC,0.635,1.916,1.066,49.3,358.2,0.829,1.916,1.512,1.655,1.916,1.365,World,CabinetD05Door,25.8,24.4,0.486,1.063,0,0,None,None,0,1,0,1,0.0959,0.6102,0.838,0.000,0
36.00,Nick ,AUIT_Multi,BAC,0.636,1.916,1.064,50.3,358.3,0.838,1.916,1.511,1.730,1.916,1.370,World,CabinetD05Door,26.0,24.2,0.490,1.136,0,0,None,None,0,1,0,1,0.0864,0.7751,0.903,0.000,0
36.11,Nick ,AUIT_Multi,BAC,0.637,1.916,1.064,50.7,358.6,0.848,1.916,1.511,1.789,1.916,1.365,World,CabinetD05Door,25.5,24.6,0.495,1.191,0,0,None,None,0,1,0,1,0.0938,0.5373,0.952,0.000,0
36.21,Nick ,AUIT_Multi,BAC,0.637,1.915,1.064,50.9,358.7,0.852,1.915,1.511,1.799,1.915,1.360,World,CabinetD05Door,25.2,24.9,0.496,1.199,0,0,None,None,0,1,0,1,0.0434,0.1123,0.958,0.000,0
36.31,Nick ,AUIT_Multi,BAC,0.636,1.915,1.066,50.3,359.0,0.852,1.915,1.512,1.800,1.915,1.360,World,CabinetD05Door,24.5,25.5,0.495,1.200,0,0,None,None,1,0,0,0,0.0032,0.0109,0.959,0.000,0
36.41,Nick ,AUIT_Multi,BAC,0.634,1.915,1.069,49.1,359.0,0.845,1.915,1.512,1.768,1.915,1.367,World,CabinetD05Door,23.8,26.2,0.490,1.172,0,0,None,None,1,0,0,0,0.0766,0.3348,0.934,0.000,0
36.50,Nick ,AUIT_Multi,BAC,0.631,1.917,1.074,46.0,358.4,0.827,1.915,1.512,1.627,1.915,1.361,World,CabinetD05Door,22.0,27.9,0.480,1.037,0,0,None,None,1,0,0,0,0.1854,1.4444,0.815,0.000,0
36.60,Nick ,AUIT_Multi,BAC,0.626,1.917,1.079,42.5,358.0,0.795,1.917,1.512,1.452,1.917,1.361,World,CabinetD05Door,21.4,28.7,0.465,0.873,0,0,None,None,1,0,0,0,0.3278,1.7975,0.674,0.000,0
36.71,Nick ,AUIT_Multi,BAC,0.621,1.917,1.084,38.9,358.2,0.756,1.917,1.512,1.163,1.917,1.305,World,CabinetD05Door,21.5,28.9,0.449,0.585,0,0,None,None,1,0,0,0,0.3515,2.6613,0.457,0.000,0
36.81,Nick ,AUIT_Multi,BAC,0.619,1.918,1.085,36.7,358.1,0.726,1.917,1.513,1.025,1.917,1.280,World,CabinetD05Door,22.7,27.7,0.441,0.450,0,0,None,None,1,0,0,0,0.3042,1.4445,0.378,0.000,0
36.91,Nick ,AUIT_Multi,BAC,0.618,1.918,1.085,35.5,358.1,0.708,1.918,1.513,0.988,1.918,1.283,World,CabinetD05Door,23.7,26.5,0.437,0.420,0,0,None,None,1,0,0,0,0.1886,0.3737,0.362,0.000,0
37.00,Nick ,AUIT_Multi,BAC,0.617,1.919,1.084,34.4,357.9,0.696,1.918,1.512,0.978,1.918,1.290,World,CabinetD05Door,24.0,26.1,0.435,0.416,0,0,None,None,1,0,0,0,0.1198,0.1241,0.359,0.000,0
37.10,Nick ,AUIT_Multi,BAC,0.616,1.919,1.083,33.8,357.6,0.688,1.919,1.512,0.975,1.919,1.296,World,CabinetD05Door,24.5,25.6,0.434,0.417,0,0,None,None,1,0,0,0,0.0883,0.0718,0.359,0.000,0
37.21,Nick ,AUIT_Multi,BAC,0.616,1.919,1.082,33.8,357.8,0.683,1.919,1.511,0.973,1.919,1.299,World,CabinetDCorner02,25.0,25.1,0.434,0.418,0,0,None,None,1,0,0,0,0.0463,0.0345,0.360,0.000,0
37.31,Nick ,AUIT_Multi,BAC,0.616,1.918,1.081,33.6,358.0,0.682,1.919,1.511,0.973,1.919,1.299,World,CabinetD05,24.9,25.1,0.435,0.419,0,0,None,None,1,0,0,0,0.0085,0.0039,0.360,0.000,0
37.41,Nick ,AUIT_Multi,BAC,0.616,1.917,1.080,33.2,358.5,0.680,1.918,1.511,0.973,1.918,1.300,World,CabinetD05,24.8,25.2,0.435,0.419,0,0,None,None,1,0,0,0,0.0229,0.0131,0.361,0.000,0
37.50,Nick ,AUIT_Multi,BAC,0.620,1.913,1.081,33.2,0.7,0.679,1.917,1.511,0.973,1.917,1.301,World,CabinetD05,25.4,24.8,0.434,0.417,0,0,None,None,0,1,0,0,0.0164,0.0163,0.361,0.000,0
37.60,Nick ,AUIT_Multi,BAC,0.630,1.887,1.084,35.3,15.3,0.686,1.908,1.511,0.974,1.908,1.297,World,CabinetD05Door,32.8,29.1,0.431,0.406,0,0,None,None,0,0,0,0,0.1188,0.1041,0.359,0.000,0
37.71,Nick ,AUIT_Multi,BAC,0.645,1.865,1.093,38.6,25.4,0.719,1.882,1.513,0.994,1.882,1.283,World,CabinetD05Door,39.0,35.5,0.427,0.398,0,0,None,None,0,0,0,0,0.3806,0.3183,0.358,0.000,0
37.81,Nick ,AUIT_Multi,BAC,0.656,1.860,1.097,39.5,26.8,0.748,1.866,1.515,1.023,1.866,1.280,World,CabinetD05Door,38.1,36.0,0.428,0.409,0,0,None,None,0,0,0,0,0.3306,0.3348,0.362,0.000,0
37.91,Nick ,AUIT_Multi,BAC,0.673,1.858,1.101,39.0,26.6,0.765,1.860,1.517,1.036,1.860,1.280,World,CabinetD05Door,37.2,36.1,0.425,0.404,0,0,None,None,0,0,0,0,0.1899,0.1532,0.360,0.000,0
38.00,Nick ,AUIT_Multi,BAC,0.698,1.852,1.105,38.9,28.4,0.781,1.857,1.518,1.042,1.857,1.280,World,CabinetD05Door,39.3,37.1,0.421,0.385,0,0,None,None,0,0,0,0,0.1644,0.0692,0.353,0.000,0
38.10,Nick ,AUIT_Multi,BAC,0.730,1.847,1.111,37.9,30.1,0.804,1.852,1.519,1.067,1.850,1.283,World,CabinetD05Door,40.5,38.8,0.415,0.378,0,0,None,None,0,0,0,0,0.2462,0.2719,0.354,0.000,0
38.21,Nick ,AUIT_Multi,BAC,0.775,1.842,1.119,34.9,30.6,0.828,1.846,1.520,1.056,1.846,1.279,World,CabinetD05Door,40.7,39.6,0.404,0.323,0,0,None,None,0,0,0,0,0.2209,0.1087,0.332,0.000,0
38.31,Nick ,AUIT_Multi,BAC,0.820,1.841,1.126,32.0,30.7,0.848,1.842,1.522,1.049,1.842,1.277,World,CabinetD05Door,40.8,38.7,0.397,0.274,0,0,None,None,0,0,0,0,0.2117,0.0833,0.317,0.000,0
38.41,Nick ,AUIT_Multi,BAC,0.868,1.835,1.128,30.2,30.5,0.874,1.840,1.523,1.064,1.840,1.281,World,CabinetD05Door,41.8,37.8,0.395,0.249,0,0,None,None,0,0,0,0,0.2664,0.1584,0.308,0.000,0
38.50,Nick ,AUIT_Multi,BAC,0.910,1.829,1.125,31.1,31.8,0.902,1.834,1.434,1.192,1.834,1.347,World,CabinetD05Door,44.8,37.9,0.310,0.359,0,0,None,None,0,0,0,0,0.9550,1.4733,0.302,0.000,0
38.60,Nick ,AUIT_Multi,BAC,0.942,1.833,1.117,34.8,32.5,0.936,1.831,1.334,1.213,1.800,1.369,World,CabinetD05Door,46.8,29.7,0.217,0.372,0,0,None,None,0,0,0,0,1.0966,0.4765,0.281,0.000,0
38.71,Nick ,AUIT_Multi,BAC,0.970,1.841,1.104,41.1,32.4,0.974,1.835,1.250,1.195,1.739,1.394,World,CabinetDCorner02,47.7,17.2,0.146,0.381,0,0,None,None,0,1,0,0,0.8275,0.6084,0.280,0.000,0
38.81,Nick ,AUIT_Multi,BAC,0.984,1.845,1.090,46.6,31.9,1.005,1.841,1.221,1.292,1.721,1.407,World,CabinetDCorner02,46.3,16.4,0.133,0.458,0,0,None,None,0,1,0,0,0.4393,1.0164,0.361,0.000,0
38.91,Nick ,AUIT_Multi,BAC,0.984,1.841,1.076,54.0,32.7,1.034,1.843,1.212,1.902,1.822,1.388,World,CabinetDCorner02,46.4,35.5,0.144,0.970,0,0,None,None,0,0,0,0,0.3086,6.3628,0.886,0.000,0
39.00,Nick ,AUIT_Multi,BAC,0.979,1.840,1.068,61.3,33.1,1.062,1.841,1.211,2.127,1.838,1.274,World,KitchenOven07,44.6,37.4,0.166,1.167,0,0,None,None,0,0,0,0,0.2938,2.6053,1.067,0.000,0
39.10,Nick ,AUIT_Multi,BAC,0.974,1.834,1.064,63.6,32.9,1.083,1.833,1.214,2.030,1.815,1.200,World,KitchenOven07,41.7,36.6,0.185,1.065,0,0,None,None,0,0,0,0,0.2267,1.2760,0.948,0.000,0
39.21,Nick ,AUIT_Multi,BAC,0.979,1.832,1.053,63.4,33.9,1.099,1.816,1.217,1.711,1.756,1.210,World,MixingBowl,38.8,31.1,0.204,0.752,0,0,None,None,0,0,0,0,0.2167,2.9294,0.615,0.000,0
39.31,Nick ,AUIT_Multi,BAC,0.995,1.836,1.035,62.4,32.7,1.116,1.803,1.221,1.598,1.735,1.197,World,KitchenOven07,36.2,26.2,0.224,0.633,0,0,None,None,0,0,0,0,0.2228,1.1914,0.488,0.000,0
39.41,Nick ,AUIT_Multi,BAC,1.024,1.834,1.015,62.1,32.3,1.143,1.788,1.234,2.094,1.818,1.104,World,KitchenOven07,37.9,38.2,0.254,1.074,0,0,None,None,0,0,0,0,0.3467,5.2594,0.961,0.000,0
39.50,Nick ,AUIT_Multi,BAC,1.068,1.825,1.001,61.6,32.8,1.163,1.773,1.236,2.215,1.830,1.078,World,KitchenOven07,42.1,40.3,0.260,1.149,0,0,None,None,0,0,0,0,0.2614,1.2746,1.065,0.000,0
39.61,Nick ,AUIT_Multi,BAC,1.140,1.810,0.987,59.3,33.8,1.187,1.755,1.239,2.280,1.821,1.083,World,KitchenOven07,49.1,42.1,0.262,1.145,0,0,None,None,0,0,0,0,0.2731,0.5982,1.106,0.000,0
39.71,Nick ,AUIT_Multi,BAC,1.220,1.802,0.973,57.4,34.8,1.211,1.739,1.241,2.343,1.810,1.109,World,KitchenOven07,57.5,42.6,0.275,1.131,0,0,None,None,0,0,0,0,0.2912,0.7128,1.143,0.000,0
39.81,Nick ,AUIT_Multi,BAC,1.305,1.798,0.959,55.6,35.3,1.237,1.724,1.242,2.420,1.803,1.132,World,KitchenOven07,65.0,42.8,0.301,1.128,0,0,None,None,0,0,0,0,0.3075,0.8231,1.191,0.000,0
39.91,Nick ,AUIT_Multi,BAC,1.385,1.799,0.947,53.0,36.8,1.260,1.710,1.244,2.496,1.799,1.161,World,KitchenOven07,69.4,44.1,0.334,1.132,0,0,None,None,0,0,0,0,0.2856,0.8388,1.242,1.000,0
40.00,Nick ,AUIT_Multi,BAC,1.452,1.797,0.942,50.3,38.1,1.283,1.696,1.246,2.562,1.799,1.206,World,KitchenOven07,71.7,45.2,0.362,1.141,0,0,None,None,0,0,0,0,0.2786,0.8229,1.283,1.000,0
40.11,Nick ,AUIT_Multi,BAC,1.517,1.790,0.949,48.6,39.2,1.486,1.750,1.241,2.534,1.760,1.249,World,KitchenOven07,58.0,43.9,0.297,1.061,0,0,None,None,0,0,0,0,1.8873,0.5809,1.048,0.000,0
40.21,Nick ,AUIT_Multi,BAC,1.567,1.771,0.963,46.7,40.0,1.629,1.780,1.243,2.293,1.640,1.268,World,KitchenOven07,52.2,35.6,0.287,0.798,0,0,None,None,0,0,0,0,1.5069,2.7780,0.679,0.000,0
40.31,Nick ,AUIT_Multi,BAC,1.614,1.737,0.985,45.9,40.1,1.681,1.765,1.247,2.055,1.518,1.288,World,KitchenOven07,54.3,19.6,0.272,0.578,0,0,None,None,0,1,0,0,0.5556,2.7541,0.450,0.000,0
40.41,Nick ,AUIT_Multi,BAC,1.660,1.686,1.014,45.9,39.9,1.720,1.730,1.253,2.501,1.640,1.356,World,KitchenOven07,57.9,42.0,0.250,0.909,0,0,None,None,0,0,0,0,0.5438,4.8052,0.793,0.000,0
40.50,Nick ,AUIT_Multi,BAC,1.700,1.621,1.048,45.0,39.8,1.755,1.677,1.261,2.674,1.664,1.381,World,KitchenOven07,61.0,48.5,0.227,1.030,0,0,None,None,0,0,0,0,0.6562,1.8113,0.926,0.000,0
40.61,Nick ,AUIT_Multi,BAC,1.738,1.548,1.087,43.8,40.4,1.784,1.609,1.271,2.653,1.598,1.413,World,KitchenOven07,64.6,49.7,0.199,0.973,0,0,None,None,0,0,0,0,0.6680,0.6837,0.880,0.000,0
40.71,Nick ,AUIT_Multi,BAC,1.763,1.484,1.123,44.0,40.2,1.805,1.574,1.286,2.404,1.504,1.387,World,KitchenOven07,73.5,47.1,0.191,0.693,0,0,None,None,0,0,0,0,0.4508,2.7565,0.611,1.000,0
40.81,Nick ,AUIT_Multi,BAC,1.779,1.422,1.155,43.6,41.0,1.826,1.538,1.300,2.158,1.410,1.359,World,KitchenOven07,81.7,42.6,0.191,0.431,0,0,None,None,0,0,0,0,0.4512,2.7247,0.361,1.000,0
40.91,Nick ,AUIT_Multi,BAC,1.789,1.376,1.181,42.5,43.0,1.846,1.503,1.315,2.513,1.393,1.511,World,KitchenOven07,85.9,48.8,0.193,0.796,0,0,None,None,0,0,0,0,0.4372,3.9691,0.704,1.000,0
41.00,Nick ,AUIT_Multi,BAC,1.795,1.348,1.201,42.2,43.7,1.865,1.472,1.332,2.677,1.372,1.585,World,KitchenOven07,84.6,50.0,0.194,0.963,0,0,None,None,0,0,0,0,0.4132,1.8645,0.857,1.000,0
41.11,Nick ,AUIT_Multi,BAC,1.797,1.326,1.221,42.9,43.4,1.906,1.439,1.408,2.698,1.344,1.594,World,KitchenOven07,72.0,49.6,0.243,0.975,0,0,None,None,0,0,0,0,0.8391,0.3267,0.820,1.000,0
41.21,Nick ,AUIT_Multi,BAC,1.796,1.310,1.238,43.5,43.3,1.938,1.411,1.447,2.464,1.260,1.542,World,KitchenOven07,65.6,44.0,0.272,0.735,0,0,None,None,0,0,0,0,0.5998,2.6104,0.555,0.000,0
41.31,Nick ,AUIT_Multi,BAC,1.793,1.301,1.254,40.6,44.0,1.957,1.382,1.465,2.241,1.179,1.502,World,KitchenOven07,61.1,35.3,0.279,0.527,0,0,None,None,0,0,0,0,0.3965,2.4724,0.351,0.000,0
41.40,Nick ,AUIT_Multi,BAC,1.790,1.301,1.262,40.6,44.2,1.987,1.356,1.489,2.425,1.211,1.701,World,KitchenOven07,54.6,39.7,0.306,0.777,0,0,None,None,0,0,0,0,0.4782,2.7979,0.507,1.000,0
41.50,Nick ,AUIT_Multi,BAC,1.786,1.305,1.267,41.2,43.3,2.002,1.331,1.491,2.673,1.287,1.863,World,KitchenOven07,48.1,44.4,0.312,1.069,0,0,None,None,0,0,0,0,0.3011,3.1486,0.769,1.000,0
41.61,Nick ,AUIT_Multi,BAC,1.780,1.311,1.270,40.7,42.4,2.027,1.305,1.575,2.700,1.304,1.879,World,KitchenOven07,41.6,44.4,0.393,1.104,0,0,None,None,0,0,0,0,0.8285,0.3277,0.738,1.000,0
41.71,Nick ,AUIT_Multi,BAC,1.776,1.321,1.269,40.9,41.9,1.885,1.312,1.457,2.701,1.312,1.880,World,KitchenOven07,40.7,43.8,0.217,1.109,0,0,None,None,0,0,0,0,1.9099,0.0771,0.920,0.000,0
41.81,Nick ,AUIT_Multi,BAC,1.774,1.340,1.261,42.2,42.8,1.852,1.324,1.421,2.701,1.324,1.877,World,KitchenOven07,40.3,43.9,0.179,1.114,0,0,None,None,0,0,0,0,0.5145,0.1245,0.965,0.000,0
41.90,Nick ,AUIT_Multi,BAC,1.770,1.371,1.246,44.2,43.3,1.821,1.345,1.357,2.699,1.345,1.806,World,KitchenOven07,35.5,43.9,0.125,1.085,0,0,None,None,0,0,0,0,0.7579,0.7631,0.987,0.000,0
42.00,Nick ,AUIT_Multi,BAC,1.767,1.419,1.223,45.5,41.2,1.807,1.378,1.327,2.697,1.378,1.680,World,KitchenOven07,29.5,42.3,0.119,1.037,0,0,None,None,0,0,0,0,0.4854,1.3475,0.957,0.000,0
42.11,Nick ,AUIT_Multi,BAC,1.759,1.489,1.187,44.3,35.6,1.801,1.436,1.311,2.696,1.436,1.570,World,KitchenOven07,25.8,39.2,0.141,1.013,0,0,None,None,0,0,0,0,0.5401,1.1120,0.932,0.000,0
42.21,Nick ,AUIT_Multi,BAC,1.742,1.560,1.147,43.0,30.8,1.798,1.498,1.301,2.697,1.498,1.552,World,KitchenOven07,23.0,35.6,0.175,1.039,0,0,None,None,1,0,0,0,0.6469,0.6651,0.933,0.000,0
42.31,Nick ,AUIT_Multi,BAC,1.716,1.639,1.107,41.4,24.1,1.788,1.569,1.290,2.697,1.569,1.552,World,Wall4m,18.8,31.0,0.209,1.080,0,0,None,None,1,0,0,0,0.7488,0.7340,0.945,0.000,0
42.40,Nick ,AUIT_Multi,BAC,1.681,1.718,1.066,40.4,15.0,1.766,1.648,1.279,2.696,1.648,1.552,World,CabinetDCorner02,18.1,26.3,0.240,1.127,0,0,None,None,1,0,0,0,0.8481,0.8076,0.969,0.000,0
42.50,Nick ,AUIT_Multi,BAC,1.643,1.787,1.026,42.1,6.6,1.740,1.724,1.268,2.729,1.724,1.568,World,Wall4m,21.2,21.6,0.269,1.215,0,0,None,None,1,1,0,1,0.8371,0.8733,1.034,0.000,0
42.61,Nick ,AUIT_Multi,BAC,1.604,1.843,0.989,48.8,3.3,1.733,1.798,1.259,2.728,1.798,1.502,World,Wall4m,23.7,16.7,0.303,1.237,0,0,None,None,1,1,0,1,0.6736,0.8887,1.024,0.000,0
42.71,Nick ,AUIT_Multi,BAC,1.571,1.877,0.970,53.5,1.7,1.730,1.845,1.254,2.558,1.824,1.418,World,Wall4m,24.4,12.2,0.326,1.085,0,0,None,None,1,1,0,1,0.4863,1.9638,0.845,0.000,0
42.81,Nick ,AUIT_Multi,BAC,1.542,1.899,0.963,56.6,360.0,1.729,1.878,1.251,2.322,1.840,1.368,World,Wall4m,24.1,7.0,0.344,0.881,0,0,None,None,1,1,0,1,0.3365,2.4856,0.606,0.000,0
42.90,Nick ,AUIT_Multi,BAC,1.520,1.914,0.964,58.0,359.1,1.729,1.900,1.252,2.333,1.870,1.280,World,Wall4m,22.3,11.3,0.356,0.873,0,0,None,None,1,1,0,1,0.2283,0.9649,0.605,0.000,0
43.00,Nick ,AUIT_Multi,BAC,1.503,1.922,0.968,58.6,359.2,1.731,1.914,1.254,2.636,1.909,1.198,World,Wall4m,20.2,20.0,0.366,1.156,0,0,None,None,1,1,0,1,0.1464,3.2229,0.907,0.000,0
43.11,Nick ,AUIT_Multi,BAC,1.493,1.928,0.968,59.5,358.6,1.728,1.923,1.256,2.673,1.922,1.199,World,Wall4m,20.3,19.5,0.372,1.202,0,0,None,None,1,1,0,1,0.0831,0.3532,0.946,0.000,0
43.21,Nick ,AUIT_Multi,BAC,1.489,1.930,0.964,62.2,357.5,1.728,1.928,1.256,2.677,1.928,1.153,World,Wall4m,23.1,19.0,0.377,1.203,0,0,None,None,1,1,0,1,0.0513,0.4794,0.955,0.000,0
43.31,Nick ,AUIT_Multi,BAC,1.485,1.932,0.961,63.8,356.9,1.727,1.930,1.255,2.684,1.930,1.057,World,Wall4m,24.6,21.8,0.381,1.203,0,0,None,None,1,1,0,1,0.0317,0.9897,0.977,0.000,0
43.40,Nick ,AUIT_Multi,BAC,1.481,1.934,0.960,64.1,355.8,1.727,1.932,1.255,2.683,1.932,1.010,World,Wall4m,24.6,23.9,0.384,1.203,0,0,None,None,1,1,0,1,0.0228,0.4865,0.987,0.000,0
43.50,Nick ,AUIT_Multi,BAC,1.479,1.935,0.958,66.4,355.4,1.728,1.934,1.255,2.681,1.934,0.979,World,Wall4m,26.8,23.0,0.387,1.202,0,0,None,None,0,1,0,1,0.0232,0.3199,0.992,0.000,0
43.61,Nick ,AUIT_Multi,BAC,1.480,1.935,0.958,68.9,356.1,1.750,1.935,1.256,2.678,1.935,0.915,World,Wall4m,26.9,23.5,0.402,1.199,0,0,None,None,0,1,0,1,0.1968,0.5810,0.989,0.000,0
43.71,Nick ,AUIT_Multi,BAC,1.481,1.932,0.960,69.7,357.5,1.767,1.934,1.257,2.677,1.934,0.878,World,Wall4m,25.9,24.3,0.413,1.199,0,0,None,None,0,1,0,1,0.1759,0.3740,0.986,0.000,0
43.81,Nick ,AUIT_Multi,BAC,1.481,1.931,0.962,69.8,358.6,1.774,1.932,1.258,2.677,1.932,0.864,World,Wall4m,25.1,24.9,0.417,1.200,0,0,None,None,0,1,0,1,0.0802,0.1483,0.985,0.000,0
43.90,Nick ,AUIT_Multi,BAC,1.480,1.930,0.965,69.4,358.8,1.774,1.931,1.259,2.676,1.931,0.864,World,Wall4m,24.4,25.4,0.416,1.201,0,0,None,None,1,0,0,0,0.0144,0.0136,0.985,0.000,0
44.00,Nick ,AUIT_Multi,BAC,1.480,1.930,0.968,68.9,359.0,1.768,1.930,1.259,2.677,1.930,0.874,World,Wall4m,24.3,25.6,0.410,1.200,0,0,None,None,1,0,0,0,0.0647,0.1020,0.987,0.000,0
44.11,Nick ,AUIT_Multi,BAC,1.478,1.929,0.972,66.8,359.2,1.755,1.929,1.260,2.677,1.929,0.896,World,Wall4m,22.8,26.9,0.400,1.202,0,0,None,None,1,0,0,0,0.1139,0.1979,0.991,0.000,0
44.21,Nick ,AUIT_Multi,BAC,1.475,1.930,0.976,64.1,358.7,1.730,1.929,1.259,2.677,1.929,0.944,World,Wall4m,22.1,27.5,0.380,1.202,0,0,None,None,1,0,0,0,0.2625,0.4999,0.998,0.000,0
44.31,Nick ,AUIT_Multi,BAC,1.473,1.930,0.979,62.5,358.6,1.704,1.930,1.258,2.675,1.930,0.996,World,Wall4m,23.0,26.7,0.362,1.202,0,0,None,None,1,0,0,0,0.2604,0.5316,1.005,0.000,0
44.40,Nick ,AUIT_Multi,BAC,1.471,1.931,0.982,61.6,358.5,1.687,1.930,1.258,2.672,1.930,1.031,World,Wall4m,23.6,26.1,0.351,1.201,0,0,None,None,1,0,0,0,0.1740,0.3645,1.010,0.000,0
44.50,Nick ,AUIT_Multi,BAC,1.470,1.930,0.983,61.3,358.9,1.677,1.930,1.259,2.669,1.930,1.052,World,Wall4m,24.4,25.4,0.345,1.201,0,0,None,None,1,0,0,0,0.1062,0.2183,1.013,0.000,0
44.61,Nick ,AUIT_Multi,BAC,1.469,1.929,0.984,61.6,359.0,1.673,1.930,1.259,2.667,1.930,1.060,World,Wall4m,25.1,24.8,0.342,1.201,0,0,None,None,0,1,0,1,0.0415,0.0688,1.014,0.000,0
44.71,Nick ,AUIT_Multi,BAC,1.470,1.928,0.981,63.8,359.7,1.677,1.929,1.259,2.667,1.929,1.047,World,Wall4m,27.2,23.1,0.347,1.199,0,0,None,None,0,1,0,1,0.0471,0.1335,1.013,0.000,0
44.81,Nick ,AUIT_Multi,BAC,1.475,1.926,0.976,67.6,0.7,1.702,1.928,1.260,2.670,1.928,0.991,World,Wall4m,29.0,21.7,0.364,1.195,0,0,None,None,0,1,0,1,0.2601,0.5715,1.005,0.000,0
44.90,Nick ,AUIT_Multi,BAC,1.487,1.918,0.975,70.4,4.1,1.742,1.925,1.262,2.675,1.925,0.918,World,Wall4m,29.2,22.8,0.384,1.190,0,0,None,None,0,1,0,1,0.4062,0.7519,0.995,0.000,0
45.00,Nick ,AUIT_Multi,BAC,1.503,1.884,0.978,69.6,21.1,1.774,1.912,1.263,2.685,1.912,0.876,World,Wall4m,35.8,33.4,0.394,1.186,0,0,None,None,0,0,0,0,0.3607,0.4709,0.990,0.000,0
45.10,Nick ,AUIT_Multi,BAC,1.518,1.851,0.975,69.7,36.9,1.785,1.884,1.263,2.699,1.884,0.881,World,Wall4m,48.5,44.8,0.393,1.185,0,0,None,None,0,0,0,0,0.3040,0.3224,0.991,0.000,0
45.21,Nick ,AUIT_Multi,BAC,1.539,1.832,0.964,74.1,40.4,1.826,1.847,1.262,2.717,1.847,0.846,World,Wall4m,50.6,45.6,0.414,1.184,0,0,None,None,0,0,0,0,0.5060,0.4909,0.984,0.000,0
45.31,Nick ,AUIT_Multi,BAC,1.546,1.824,0.960,76.9,42.3,1.886,1.831,1.260,2.722,1.831,0.767,World,Wall4m,50.3,47.2,0.454,1.192,0,0,None,None,0,0,0,0,0.6424,0.8287,0.971,0.000,0
45.40,Nick ,AUIT_Multi,BAC,1.545,1.824,0.958,80.4,42.5,1.921,1.825,1.250,2.718,1.825,0.706,World,Wall4m,49.7,46.8,0.476,1.200,0,0,None,None,0,0,0,0,0.3758,0.6360,0.965,0.000,0
45.50,Nick ,AUIT_Multi,BAC,1.527,1.821,0.954,87.4,42.4,2.102,1.823,1.317,2.690,1.823,0.616,World,Wall4m,50.2,45.8,0.679,1.211,0,0,None,None,0,0,0,0,1.9886,0.9681,0.915,0.000,0
45.61,Nick ,AUIT_Multi,BAC,1.486,1.807,0.952,97.3,44.2,2.222,1.818,1.283,2.604,1.818,0.453,World,Wall4m,53.0,47.1,0.807,1.224,0,0,None,None,0,0,0,0,1.1276,1.6593,0.913,0.000,0
45.71,Nick ,AUIT_Multi,BAC,1.447,1.800,0.949,111.1,46.0,2.375,1.807,1.197,2.468,1.807,0.280,World,Wall4m,56.1,47.5,0.960,1.220,0,0,None,None,0,0,0,0,1.8023,2.2651,0.921,0.000,0
45.81,Nick ,AUIT_Multi,BAC,1.410,1.802,0.946,125.1,45.4,2.385,1.802,0.980,2.087,1.793,0.467,World,Wall4m,55.9,44.8,0.975,0.829,0,0,None,None,0,0,0,0,2.2359,4.3694,0.593,0.000,0
45.90,Nick ,AUIT_Multi,BAC,1.374,1.809,0.941,132.3,43.0,2.375,1.803,0.768,1.725,1.781,0.655,World,Floor,51.6,39.6,1.015,0.453,0,0,None,None,0,0,0,0,2.1795,4.1903,0.660,0.000,0
46.00,Nick ,AUIT_Multi,BAC,1.337,1.819,0.927,136.4,40.7,2.366,1.811,0.629,1.637,1.793,0.318,World,Floor,48.7,41.6,1.071,0.679,0,0,None,None,0,0,0,0,1.4425,3.5887,0.793,0.000,0
46.17,Nick ,AUIT_Multi,BAC,1.000,0.000,0.500,0.0,0.0,2.370,1.817,0.542,1.688,1.812,-0.067,World,CabinetD01,88.9,106.3,2.276,2.020,0,0,None,None,0,0,0,0,0.5152,2.3141,0.915,1.000,0
