Time,ParticipantID,Scenario,Sequence,HeadX,HeadY,HeadZ,HeadYaw,HeadPitch,VideoX,VideoY,VideoZ,InstX,InstY,InstZ,GazeTarget,HitObjectName,AngleToVideo,AngleToInst,VideoDist,InstDist,VideoOcc,InstOcc,VideoOccHitName,InstOccHitName,VideoInCone,InstInCone,VideoVisible,InstVisible,VideoSpeed,InstSpeed,PanelSeparation,ScreenOverlapPct,BothVisible
0.00,Romila,AUIT_Single,ACB,1.000,0.000,1.000,0.0,0.0,-2.197,1.378,13.812,NaN,NaN,NaN,World,CabinetD01,15.2,NaN,13.277,NaN,1,0,CabinetD01,None,1,0,0,0,0.0000,NaN,NaN,NaN,0
0.34,Romila,AUIT_Single,ACB,1.000,0.000,1.000,0.0,0.0,-2.197,1.378,13.812,NaN,NaN,NaN,World,CabinetD01,15.2,NaN,13.277,NaN,1,0,CabinetD01,None,1,0,0,0,0.0000,NaN,NaN,NaN,0
0.36,Romila,AUIT_Single,ACB,1.000,0.000,1.000,0.0,0.0,-2.197,1.378,13.812,NaN,NaN,NaN,World,CabinetD01,15.2,NaN,13.277,NaN,1,0,CabinetD01,None,1,0,0,0,0.0000,NaN,NaN,NaN,0
0.36,Romila,AUIT_Single,ACB,1.000,0.000,1.000,0.0,0.0,-2.197,1.378,13.812,NaN,NaN,NaN,World,CabinetD01,15.2,NaN,13.277,NaN,1,0,CabinetD01,None,1,0,0,0,0.0000,NaN,NaN,NaN,0
0.41,Romila,AUIT_Single,ACB,1.000,0.000,1.000,0.0,0.0,-2.197,1.378,13.812,NaN,NaN,NaN,World,CabinetD01,15.2,NaN,13.277,NaN,1,0,CabinetD01,None,1,0,0,0,0.0000,NaN,NaN,NaN,0
0.50,Romila,AUIT_Single,ACB,1.000,0.000,1.000,0.0,0.0,-2.197,1.378,13.812,NaN,NaN,NaN,World,CabinetD01,15.2,NaN,13.277,NaN,1,0,CabinetD01,None,1,0,0,0,0.0000,NaN,NaN,NaN,0
0.60,Romila,AUIT_Single,ACB,1.000,0.000,1.000,0.0,0.0,-2.197,1.378,13.812,NaN,NaN,NaN,World,CabinetD01,15.2,NaN,13.277,NaN,1,0,CabinetD01,None,1,0,0,0,0.0000,NaN,NaN,NaN,0
0.71,Romila,AUIT_Single,ACB,1.000,0.000,1.000,0.0,0.0,-2.197,1.378,13.812,NaN,NaN,NaN,World,CabinetD01,15.2,NaN,13.277,NaN,1,0,CabinetD01,None,1,0,0,0,0.0000,NaN,NaN,NaN,0
1.03,Romila,AUIT_Single,ACB,1.000,0.000,1.000,0.0,0.0,-2.197,1.378,13.812,NaN,NaN,NaN,World,CabinetD01,15.2,NaN,13.277,NaN,1,0,CabinetD01,None,1,0,0,0,0.0000,NaN,NaN,NaN,0
1.05,Romila,AUIT_Single,ACB,1.000,0.000,1.000,0.0,0.0,-2.197,1.378,13.812,NaN,NaN,NaN,World,CabinetD01,15.2,NaN,13.277,NaN,1,0,CabinetD01,None,1,0,0,0,0.0000,NaN,NaN,NaN,0
1.06,Romila,AUIT_Single,ACB,1.000,0.000,1.000,0.0,0.0,-2.197,1.378,13.812,NaN,NaN,NaN,World,CabinetD01,15.2,NaN,13.277,NaN,1,0,CabinetD01,None,1,0,0,0,0.0000,NaN,NaN,NaN,0
1.12,Romila,AUIT_Single,ACB,0.874,1.609,0.716,8.0,356.6,-2.197,1.378,13.812,NaN,NaN,NaN,World,CabinetD05Door,21.6,NaN,13.454,NaN,1,0,CabinetD06,None,1,0,0,0,0.0000,NaN,NaN,NaN,0
1.20,Romila,AUIT_Single,ACB,0.874,1.609,0.716,8.1,356.6,-2.197,1.378,13.812,NaN,NaN,NaN,World,CabinetD05Door,21.7,NaN,13.454,NaN,1,0,CabinetD06,None,1,0,0,0,0.0000,NaN,NaN,NaN,0
1.30,Romila,AUIT_Single,ACB,0.874,1.609,0.716,8.1,356.6,-2.197,1.378,13.812,NaN,NaN,NaN,World,CabinetD05Door,21.8,NaN,13.454,NaN,1,0,CabinetD06,None,1,0,0,0,0.0000,NaN,NaN,NaN,0
1.40,Romila,AUIT_Single,ACB,0.874,1.609,0.715,8.2,356.5,-2.197,1.378,13.812,NaN,NaN,NaN,World,CabinetD05Door,21.8,NaN,13.454,NaN,1,0,CabinetD06,None,1,0,0,0,0.0000,NaN,NaN,NaN,0
1.51,Romila,AUIT_Single,ACB,0.874,1.609,0.715,8.2,356.5,-2.197,1.378,13.812,NaN,NaN,NaN,World,CabinetD05Door,21.9,NaN,13.454,NaN,1,0,CabinetD06,None,1,0,0,0,0.0000,NaN,NaN,NaN,0
1.61,Romila,AUIT_Single,ACB,0.874,1.609,0.715,8.1,356.4,-2.197,1.378,13.812,NaN,NaN,NaN,World,CabinetD05Door,21.8,NaN,13.454,NaN,1,0,CabinetD06,None,1,0,0,0,0.0000,NaN,NaN,NaN,0
1.71,Romila,AUIT_Single,ACB,0.874,1.609,0.715,8.1,356.4,-2.197,1.378,13.812,NaN,NaN,NaN,World,CabinetD05Door,21.8,NaN,13.454,NaN,1,0,CabinetD06,None,1,0,0,0,0.0000,NaN,NaN,NaN,0
1.80,Romila,AUIT_Single,ACB,0.874,1.609,0.715,8.0,356.3,-2.197,1.378,13.812,NaN,NaN,NaN,World,CabinetD05Door,21.7,NaN,13.454,NaN,1,0,CabinetD06,None,1,0,0,0,0.0000,NaN,NaN,NaN,0
1.90,Romila,AUIT_Single,ACB,0.874,1.609,0.715,7.7,356.3,-2.197,1.378,13.812,NaN,NaN,NaN,World,CabinetD05Door,21.4,NaN,13.454,NaN,1,0,CabinetD06,None,1,0,0,0,0.0000,NaN,NaN,NaN,0
2.01,Romila,AUIT_Single,ACB,0.874,1.609,0.716,7.4,356.4,-2.197,1.378,13.812,NaN,NaN,NaN,World,Video Quad,21.1,NaN,13.453,NaN,1,0,CabinetD06,None,1,0,0,0,0.0000,NaN,NaN,NaN,0
2.11,Romila,AUIT_Single,ACB,0.874,1.609,0.716,7.0,356.4,-2.197,1.378,13.812,NaN,NaN,NaN,World,Video Quad,20.7,NaN,13.453,NaN,1,0,CabinetD06,None,1,0,0,0,0.0000,NaN,NaN,NaN,0
2.21,Romila,AUIT_Single,ACB,0.873,1.609,0.717,5.8,356.4,-2.197,1.378,13.812,NaN,NaN,NaN,World,Video Quad,19.6,NaN,13.452,NaN,1,0,CabinetD06,None,1,0,0,0,0.0000,NaN,NaN,NaN,0
2.30,Romila,AUIT_Single,ACB,0.869,1.610,0.718,3.2,356.4,-2.197,1.378,13.812,NaN,NaN,NaN,World,Video Quad,17.0,NaN,13.451,NaN,1,0,CabinetD06,None,1,0,0,0,0.0000,NaN,NaN,NaN,0
2.40,Romila,AUIT_Single,ACB,0.863,1.610,0.719,358.4,356.4,-2.197,1.378,13.812,NaN,NaN,NaN,World,Video Quad,12.4,NaN,13.448,NaN,1,0,CabinetD06,None,1,0,0,0,0.0000,NaN,NaN,NaN,0
2.51,Romila,AUIT_Single,ACB,0.851,1.610,0.720,350.7,356.5,-2.197,1.378,13.812,NaN,NaN,NaN,World,CabinetD05,5.9,NaN,13.445,NaN,1,0,CabinetD06,None,1,0,0,0,0.0000,NaN,NaN,NaN,0
2.61,Romila,AUIT_Single,ACB,0.840,1.609,0.719,342.9,357.0,-2.197,1.378,13.812,NaN,NaN,NaN,World,CabinetD06,5.7,NaN,13.443,NaN,1,0,CabinetD06,None,1,0,0,0,0.0000,NaN,NaN,NaN,0
2.71,Romila,AUIT_Single,ACB,0.835,1.609,0.719,338.9,357.4,-2.197,1.378,13.812,NaN,NaN,NaN,World,Video Quad,8.8,NaN,13.442,NaN,1,0,CabinetD06,None,1,0,0,0,0.0000,NaN,NaN,NaN,0
2.80,Romila,AUIT_Single,ACB,0.832,1.608,0.719,336.8,357.8,-2.197,1.378,13.812,NaN,NaN,NaN,World,Video Quad,10.6,NaN,13.441,NaN,1,0,CabinetD06,None,1,0,0,0,0.0000,NaN,NaN,NaN,0
2.90,Romila,AUIT_Single,ACB,0.830,1.608,0.719,335.8,358.1,-2.197,1.378,13.812,NaN,NaN,NaN,World,Video Quad,11.5,NaN,13.440,NaN,1,0,CabinetD06,None,1,0,0,0,0.0000,NaN,NaN,NaN,0
3.01,Romila,AUIT_Single,ACB,0.830,1.608,0.719,336.3,358.0,-2.197,1.378,13.812,NaN,NaN,NaN,World,Video Quad,11.1,NaN,13.441,NaN,1,0,CabinetD06,None,1,0,0,0,0.0000,NaN,NaN,NaN,0
3.11,Romila,AUIT_Single,ACB,0.833,1.609,0.718,337.8,357.7,-2.197,1.378,13.812,NaN,NaN,NaN,World,Video Quad,9.7,NaN,13.442,NaN,1,0,CabinetD06,None,1,0,0,0,0.0000,NaN,NaN,NaN,0
3.21,Romila,AUIT_Single,ACB,0.835,1.610,0.717,338.8,357.1,-2.197,1.378,13.812,NaN,NaN,NaN,World,Video Quad,9.0,NaN,13.444,NaN,1,0,CabinetD06,None,1,0,0,0,0.0000,NaN,NaN,NaN,0
3.30,Romila,AUIT_Single,ACB,0.836,1.611,0.715,338.4,356.4,-2.197,1.378,13.812,NaN,NaN,NaN,World,Video Quad,9.7,NaN,13.446,NaN,1,0,CabinetD06,None,1,0,0,0,0.0000,NaN,NaN,NaN,0
3.40,Romila,AUIT_Single,ACB,0.834,1.612,0.712,337.2,355.8,-2.197,1.378,13.812,NaN,NaN,NaN,World,Video Quad,11.1,NaN,13.449,NaN,1,0,CabinetD06,None,1,0,0,0,0.0000,NaN,NaN,NaN,0
3.51,Romila,AUIT_Single,ACB,0.830,1.613,0.708,334.9,355.4,-2.197,1.378,13.812,NaN,NaN,NaN,World,Video Quad,13.3,NaN,13.451,NaN,1,0,CabinetD06,None,1,0,0,0,0.0000,NaN,NaN,NaN,0
3.61,Romila,AUIT_Single,ACB,0.825,1.614,0.705,332.0,355.1,-2.197,1.378,13.812,NaN,NaN,NaN,World,Video Quad,16.2,NaN,13.453,NaN,1,0,CabinetD06,None,1,0,0,0,0.0000,NaN,NaN,NaN,0
3.71,Romila,AUIT_Single,ACB,0.821,1.613,0.702,329.6,354.9,-2.197,1.378,13.812,NaN,NaN,NaN,World,Video Quad,18.4,NaN,13.456,NaN,1,0,CabinetD06,None,1,0,0,0,0.0000,NaN,NaN,NaN,0
3.80,Romila,AUIT_Single,ACB,0.821,1.613,0.700,329.3,355.1,-2.197,1.378,13.812,NaN,NaN,NaN,World,Video Quad,18.7,NaN,13.457,NaN,1,0,CabinetD06,None,1,0,0,0,0.0000,NaN,NaN,NaN,0
3.90,Romila,AUIT_Single,ACB,0.823,1.613,0.699,330.5,355.1,-2.197,1.378,13.812,NaN,NaN,NaN,World,Video Quad,17.5,NaN,13.458,NaN,1,0,CabinetD06,None,1,0,0,0,0.0000,NaN,NaN,NaN,0
4.01,Romila,AUIT_Single,ACB,0.826,1.614,0.698,332.2,354.6,-2.197,1.378,13.812,NaN,NaN,NaN,World,Video Quad,16.1,NaN,13.460,NaN,1,0,CabinetD06,None,1,0,0,0,0.0000,NaN,NaN,NaN,0
4.11,Romila,AUIT_Single,ACB,0.828,1.615,0.697,333.2,354.0,-2.197,1.378,13.812,NaN,NaN,NaN,World,Video Quad,15.5,NaN,13.462,NaN,1,0,CabinetD06,None,1,0,0,0,0.0000,NaN,NaN,NaN,0
4.21,Romila,AUIT_Single,ACB,0.829,1.616,0.696,333.6,353.4,-2.197,1.378,13.812,NaN,NaN,NaN,World,Video Quad,15.4,NaN,13.463,NaN,1,0,CabinetD06,None,1,0,0,0,0.0000,NaN,NaN,NaN,0
4.30,Romila,AUIT_Single,ACB,0.829,1.616,0.696,334.0,353.0,-2.197,1.378,13.812,NaN,NaN,NaN,World,Video Quad,15.3,NaN,13.463,NaN,1,0,CabinetD06,None,1,0,0,0,0.0000,NaN,NaN,NaN,0
4.40,Romila,AUIT_Single,ACB,0.829,1.616,0.697,334.3,353.1,-2.197,1.378,13.812,NaN,NaN,NaN,World,Video Quad,14.9,NaN,13.462,NaN,1,0,CabinetD06,None,1,0,0,0,0.0000,NaN,NaN,NaN,0
4.51,Romila,AUIT_Single,ACB,0.829,1.616,0.698,334.6,353.2,-2.197,1.378,13.812,NaN,NaN,NaN,World,Video Quad,14.7,NaN,13.461,NaN,1,0,CabinetD06,None,1,0,0,0,0.0000,NaN,NaN,NaN,0
4.61,Romila,AUIT_Single,ACB,0.828,1.616,0.699,334.8,353.3,-2.197,1.378,13.812,NaN,NaN,NaN,World,Video Quad,14.5,NaN,13.459,NaN,1,0,CabinetD06,None,1,0,0,0,0.0000,NaN,NaN,NaN,0
4.71,Romila,AUIT_Single,ACB,0.828,1.616,0.701,335.1,353.3,-2.197,1.378,13.812,NaN,NaN,NaN,World,Video Quad,14.2,NaN,13.458,NaN,1,0,CabinetD06,None,1,0,0,0,0.0000,NaN,NaN,NaN,0
4.80,Romila,AUIT_Single,ACB,0.828,1.616,0.702,335.3,353.4,-2.197,1.378,13.812,NaN,NaN,NaN,World,Video Quad,13.9,NaN,13.457,NaN,1,0,CabinetD06,None,1,0,0,0,0.0000,NaN,NaN,NaN,0
4.90,Romila,AUIT_Single,ACB,0.828,1.616,0.703,335.4,353.4,-2.197,1.378,13.812,NaN,NaN,NaN,World,Video Quad,13.8,NaN,13.456,NaN,1,0,CabinetD06,None,1,0,0,0,0.0000,NaN,NaN,NaN,0
5.01,Romila,AUIT_Single,ACB,0.827,1.616,0.704,335.3,353.3,-2.197,1.378,13.812,NaN,NaN,NaN,World,Video Quad,14.0,NaN,13.455,NaN,1,0,CabinetD06,None,1,0,0,0,0.0000,NaN,NaN,NaN,0
5.11,Romila,AUIT_Single,ACB,0.826,1.616,0.704,335.1,353.3,-2.197,1.378,13.812,NaN,NaN,NaN,World,Video Quad,14.2,NaN,13.454,NaN,1,0,CabinetD06,None,1,0,0,0,0.0000,NaN,NaN,NaN,0
5.21,Romila,AUIT_Single,ACB,0.825,1.616,0.704,334.6,353.3,-2.197,1.378,13.812,NaN,NaN,NaN,World,Video Quad,14.6,NaN,13.454,NaN,1,0,CabinetD06,None,1,0,0,0,0.0000,NaN,NaN,NaN,0
5.30,Romila,AUIT_Single,ACB,0.824,1.616,0.705,334.4,353.3,-2.197,1.378,13.812,NaN,NaN,NaN,World,Video Quad,14.8,NaN,13.453,NaN,1,0,CabinetD06,None,1,0,0,0,0.0000,NaN,NaN,NaN,0
5.40,Romila,AUIT_Single,ACB,0.824,1.615,0.706,334.4,353.4,-2.197,1.378,13.812,NaN,NaN,NaN,World,Video Quad,14.7,NaN,13.452,NaN,1,0,CabinetD06,None,1,0,0,0,0.0000,NaN,NaN,NaN,0
5.51,Romila,AUIT_Single,ACB,0.823,1.615,0.707,334.2,353.4,-2.197,1.378,13.812,NaN,NaN,NaN,World,Video Quad,14.9,NaN,13.451,NaN,1,0,CabinetD06,None,1,0,0,0,0.0000,NaN,NaN,NaN,0
5.61,Romila,AUIT_Single,ACB,0.821,1.615,0.707,333.1,353.7,-2.197,1.378,13.812,NaN,NaN,NaN,World,Video Quad,15.7,NaN,13.450,NaN,1,0,CabinetD06,None,1,0,0,0,0.0000,NaN,NaN,NaN,0
5.71,Romila,AUIT_Single,ACB,0.817,1.614,0.704,329.6,354.4,-2.197,1.378,13.812,NaN,NaN,NaN,World,Video Quad,18.6,NaN,13.452,NaN,1,0,CabinetD06,None,1,0,0,0,0.0000,NaN,NaN,NaN,0
5.80,Romila,AUIT_Single,ACB,0.809,1.611,0.697,322.3,355.9,-2.197,1.378,13.812,NaN,NaN,NaN,World,Video Quad,25.3,NaN,13.457,NaN,1,0,CabinetD06,None,0,0,0,0,0.0000,NaN,NaN,NaN,0
5.90,Romila,AUIT_Single,ACB,0.801,1.609,0.689,314.0,357.3,-2.197,1.378,13.812,NaN,NaN,NaN,World,CabinetD06Door,33.4,NaN,13.463,NaN,1,0,CabinetD06,None,0,0,0,0,0.0000,NaN,NaN,NaN,0
6.01,Romila,AUIT_Single,ACB,0.801,1.607,0.685,311.5,358.0,-2.197,1.378,13.812,NaN,NaN,NaN,World,Wall4m,35.8,NaN,13.467,NaN,1,0,CabinetD06,None,0,0,0,0,0.0000,NaN,NaN,NaN,0
6.11,Romila,AUIT_Single,ACB,0.805,1.608,0.684,312.6,357.4,-2.197,1.378,13.812,NaN,NaN,NaN,World,CabinetD06Door,34.7,NaN,13.469,NaN,1,0,CabinetD06,None,0,0,0,0,0.0000,NaN,NaN,NaN,0
6.21,Romila,AUIT_Single,ACB,0.810,1.609,0.683,313.5,356.9,-2.197,1.378,13.812,NaN,NaN,NaN,World,CabinetD06Door,33.8,NaN,13.471,NaN,1,0,CabinetD06,None,0,0,0,0,0.0000,NaN,NaN,NaN,0
6.30,Romila,AUIT_Single,ACB,0.816,1.610,0.681,313.8,356.0,-2.197,1.378,13.812,NaN,NaN,NaN,World,CabinetD06Door,33.6,NaN,13.474,NaN,1,0,CabinetD06,None,0,0,0,0,0.0000,NaN,NaN,NaN,0
6.40,Romila,AUIT_Single,ACB,0.818,1.608,0.673,308.8,356.6,-2.197,1.378,13.812,NaN,NaN,NaN,World,Wall4m,38.5,NaN,13.483,NaN,1,0,CabinetD06,None,0,0,0,0,0.0000,NaN,NaN,NaN,0
6.51,Romila,AUIT_Single,ACB,0.814,1.603,0.652,291.8,359.8,-2.197,1.378,13.812,NaN,NaN,NaN,World,Refrigerator03_Door01,55.4,NaN,13.503,NaN,1,0,CabinetD06,None,0,0,0,0,0.0000,NaN,NaN,NaN,0
6.61,Romila,AUIT_Single,ACB,0.813,1.598,0.634,277.6,2.8,-2.197,1.378,13.812,NaN,NaN,NaN,World,Refrigerator03_Door01,69.5,NaN,13.520,NaN,1,0,CabinetD06,None,0,0,0,0,0.0000,NaN,NaN,NaN,0
6.71,Romila,AUIT_Single,ACB,0.813,1.594,0.620,268.9,4.6,-2.197,1.378,13.812,NaN,NaN,NaN,World,Refrigerator03,78.3,NaN,13.533,NaN,1,0,CabinetD06,None,0,0,0,0,0.0000,NaN,NaN,NaN,0
6.80,Romila,AUIT_Single,ACB,0.814,1.592,0.608,262.3,5.4,-2.197,1.378,13.812,NaN,NaN,NaN,World,Refrigerator03,84.8,NaN,13.544,NaN,1,0,CabinetD06,None,0,0,0,0,0.0000,NaN,NaN,NaN,0
6.90,Romila,AUIT_Single,ACB,0.813,1.591,0.601,257.6,5.5,-2.197,1.378,13.812,NaN,NaN,NaN,World,Refrigerator03,89.5,NaN,13.552,NaN,1,0,CabinetD06,None,0,0,0,0,0.0000,NaN,NaN,NaN,0
7.01,Romila,AUIT_Single,ACB,0.809,1.590,0.597,254.6,5.1,-2.197,1.378,13.812,NaN,NaN,NaN,World,Refrigerator03,92.5,NaN,13.554,NaN,1,0,CabinetD06,None,0,0,0,0,0.0000,NaN,NaN,NaN,0
7.11,Romila,AUIT_Single,ACB,0.801,1.592,0.600,255.5,4.4,-2.197,1.378,13.812,NaN,NaN,NaN,World,Refrigerator03,91.7,NaN,13.550,NaN,1,0,CabinetD06,None,0,0,0,0,0.0000,NaN,NaN,NaN,0
7.21,Romila,AUIT_Single,ACB,0.793,1.593,0.606,259.9,3.4,-2.197,1.378,13.812,NaN,NaN,NaN,World,Refrigerator03,87.3,NaN,13.542,NaN,1,0,CabinetD06,None,0,0,0,0,0.0000,NaN,NaN,NaN,0
7.30,Romila,AUIT_Single,ACB,0.788,1.593,0.611,262.2,3.1,-2.197,1.378,13.812,NaN,NaN,NaN,World,Refrigerator03,85.0,NaN,13.536,NaN,1,0,CabinetD06,None,0,0,0,0,0.0000,NaN,NaN,NaN,0
7.40,Romila,AUIT_Single,ACB,0.784,1.593,0.613,262.8,2.8,-2.197,1.378,13.812,NaN,NaN,NaN,World,Refrigerator03,84.5,NaN,13.534,NaN,1,0,CabinetD06,None,0,0,0,0,0.0000,NaN,NaN,NaN,0
7.51,Romila,AUIT_Single,ACB,0.781,1.594,0.611,261.3,2.3,-2.197,1.378,13.812,NaN,NaN,NaN,World,Refrigerator03,86.0,NaN,13.534,NaN,1,0,CabinetD06,None,0,0,0,0,0.0000,NaN,NaN,NaN,0
7.61,Romila,AUIT_Single,ACB,0.779,1.594,0.609,259.2,2.3,-2.197,1.378,13.812,NaN,NaN,NaN,World,Refrigerator03,88.1,NaN,13.537,NaN,1,0,CabinetD06,None,0,0,0,0,0.0000,NaN,NaN,NaN,0
7.71,Romila,AUIT_Single,ACB,0.778,1.593,0.607,258.0,2.4,-2.197,1.378,13.812,NaN,NaN,NaN,World,Refrigerator03,89.3,NaN,13.538,NaN,1,0,CabinetD06,None,0,0,0,0,0.0000,NaN,NaN,NaN,0
7.80,Romila,AUIT_Single,ACB,0.777,1.593,0.606,257.4,2.4,-2.197,1.378,13.812,NaN,NaN,NaN,World,Refrigerator03,89.9,NaN,13.539,NaN,1,0,CabinetD06,None,0,0,0,0,0.0000,NaN,NaN,NaN,0
7.90,Romila,AUIT_Single,ACB,0.775,1.593,0.606,257.1,2.4,-2.197,1.378,13.812,NaN,NaN,NaN,World,Refrigerator03,90.2,NaN,13.539,NaN,1,0,CabinetD06,None,0,0,0,0,0.0000,NaN,NaN,NaN,0
8.01,Romila,AUIT_Single,ACB,0.772,1.593,0.606,257.3,2.2,-2.197,1.378,13.812,NaN,NaN,NaN,World,Refrigerator03,90.0,NaN,13.537,NaN,1,0,CabinetD06,None,0,0,0,0,0.0000,NaN,NaN,NaN,0
8.11,Romila,AUIT_Single,ACB,0.767,1.593,0.607,257.9,2.3,-2.197,1.378,13.812,NaN,NaN,NaN,World,Refrigerator03,89.4,NaN,13.536,NaN,1,0,CabinetD06,None,0,0,0,0,0.0000,NaN,NaN,NaN,0
8.21,Romila,AUIT_Single,ACB,0.760,1.593,0.604,257.9,1.4,-2.197,1.378,13.812,NaN,NaN,NaN,World,Refrigerator03,89.4,NaN,13.537,NaN,1,0,CabinetD06,None,0,0,0,0,0.0000,NaN,NaN,NaN,0
8.30,Romila,AUIT_Single,ACB,0.750,1.595,0.599,258.6,0.1,-2.197,1.378,13.812,NaN,NaN,NaN,World,Refrigerator03,88.8,NaN,13.540,NaN,1,0,CabinetD06,None,0,0,0,0,0.0000,NaN,NaN,NaN,0
8.40,Romila,AUIT_Single,ACB,0.737,1.599,0.595,262.0,358.5,-2.197,1.378,13.812,NaN,NaN,NaN,World,Refrigerator03,85.5,NaN,13.541,NaN,1,0,CabinetD06,None,0,0,0,0,0.0000,NaN,NaN,NaN,0
8.51,Romila,AUIT_Single,ACB,0.723,1.600,0.591,265.8,357.6,-2.197,1.378,13.812,NaN,NaN,NaN,World,Refrigerator03,81.8,NaN,13.542,NaN,1,0,CabinetD06,None,0,0,0,0,0.0000,NaN,NaN,NaN,0
8.61,Romila,AUIT_Single,ACB,0.712,1.601,0.587,267.7,357.4,-2.197,1.378,13.812,NaN,NaN,NaN,World,Refrigerator03,79.9,NaN,13.543,NaN,1,0,CabinetD06,None,0,0,0,0,0.0000,NaN,NaN,NaN,0
8.71,Romila,AUIT_Single,ACB,0.703,1.600,0.583,268.8,357.5,-2.197,1.378,13.812,NaN,NaN,NaN,World,Refrigerator03,78.9,NaN,13.545,NaN,1,0,CabinetD06,None,0,0,0,0,0.0000,NaN,NaN,NaN,0
8.80,Romila,AUIT_Single,ACB,0.695,1.600,0.581,269.1,357.8,-2.197,1.378,13.812,NaN,NaN,NaN,World,Refrigerator03,78.6,NaN,13.545,NaN,1,0,CabinetD06,None,0,0,0,0,0.0000,NaN,NaN,NaN,0
8.90,Romila,AUIT_Single,ACB,0.689,1.599,0.580,268.8,358.4,-2.197,1.378,13.812,NaN,NaN,NaN,World,Refrigerator03,78.9,NaN,13.545,NaN,1,0,CabinetD06,None,0,0,0,0,0.0000,NaN,NaN,NaN,0
9.01,Romila,AUIT_Single,ACB,0.683,1.598,0.579,266.6,359.1,-2.197,1.378,13.812,NaN,NaN,NaN,World,Refrigerator03,81.1,NaN,13.545,NaN,1,0,CabinetD06,None,0,0,0,0,0.0000,NaN,NaN,NaN,0
9.11,Romila,AUIT_Single,ACB,0.679,1.597,0.579,265.4,359.6,-2.197,1.378,13.812,NaN,NaN,NaN,World,Refrigerator03,82.4,NaN,13.544,NaN,1,0,CabinetD06,None,0,0,0,0,0.0000,NaN,NaN,NaN,0
9.21,Romila,AUIT_Single,ACB,0.674,1.598,0.579,264.8,359.5,-2.197,1.378,13.812,NaN,NaN,NaN,World,Refrigerator03,83.0,NaN,13.543,NaN,1,0,CabinetD06,None,0,0,0,0,0.0000,NaN,NaN,NaN,0
9.30,Romila,AUIT_Single,ACB,0.666,1.599,0.584,267.7,358.5,-2.197,1.378,13.812,NaN,NaN,NaN,World,Refrigerator03,80.1,NaN,13.536,NaN,1,0,CabinetD06,None,0,0,0,0,0.0000,NaN,NaN,NaN,0
9.40,Romila,AUIT_Single,ACB,0.659,1.599,0.589,270.6,358.9,-2.197,1.378,13.812,NaN,NaN,NaN,World,Refrigerator03,77.3,NaN,13.530,NaN,1,0,CabinetD06,None,0,0,0,0,0.0000,NaN,NaN,NaN,0
9.51,Romila,AUIT_Single,ACB,0.652,1.598,0.589,271.3,359.3,-2.197,1.378,13.812,NaN,NaN,NaN,World,Refrigerator03,76.5,NaN,13.529,NaN,1,0,CabinetD06,None,0,0,0,0,0.0000,NaN,NaN,NaN,0
9.61,Romila,AUIT_Single,ACB,0.647,1.597,0.583,268.8,359.7,-2.197,1.378,13.812,NaN,NaN,NaN,World,Refrigerator03,79.0,NaN,13.534,NaN,1,0,CabinetD06,None,0,0,0,0,0.0000,NaN,NaN,NaN,0
9.71,Romila,AUIT_Single,ACB,0.642,1.596,0.574,265.7,0.0,-2.197,1.378,13.812,NaN,NaN,NaN,World,Refrigerator03,82.2,NaN,13.541,NaN,1,0,CabinetD06,None,0,0,0,0,0.0000,NaN,NaN,NaN,0
9.80,Romila,AUIT_Single,ACB,0.637,1.594,0.565,263.8,0.3,-2.197,1.378,13.812,NaN,NaN,NaN,World,Refrigerator03,84.1,NaN,13.549,NaN,1,0,CabinetD06,None,0,0,0,0,0.0000,NaN,NaN,NaN,0
9.90,Romila,AUIT_Single,ACB,0.632,1.593,0.557,262.6,359.8,-2.197,1.378,13.812,NaN,NaN,NaN,World,Refrigerator03,85.4,NaN,13.555,NaN,1,0,CabinetD06,None,0,0,0,0,0.0000,NaN,NaN,NaN,0
10.01,Romila,AUIT_Single,ACB,0.626,1.592,0.547,262.5,359.4,-2.197,1.378,13.812,NaN,NaN,NaN,World,Refrigerator03,85.5,NaN,13.564,NaN,1,0,CabinetD06,None,0,0,0,0,0.0000,NaN,NaN,NaN,0
10.11,Romila,AUIT_Single,ACB,0.621,1.590,0.537,262.0,0.1,-2.197,1.378,13.812,NaN,NaN,NaN,World,Refrigerator03,86.0,NaN,13.572,NaN,1,0,CabinetD06,None,0,0,0,0,0.0000,NaN,NaN,NaN,0
10.21,Romila,AUIT_Single,ACB,0.618,1.589,0.532,261.9,0.7,-2.197,1.378,13.812,NaN,NaN,NaN,World,Refrigerator03,86.1,NaN,13.577,NaN,1,0,CabinetD06,None,0,0,0,0,0.0000,NaN,NaN,NaN,0
10.30,Romila,AUIT_Single,ACB,0.617,1.588,0.534,264.3,0.9,-2.197,1.378,13.812,NaN,NaN,NaN,World,Refrigerator03,83.7,NaN,13.574,NaN,1,0,CabinetD06,None,0,0,0,0,0.0000,NaN,NaN,NaN,0
10.40,Romila,AUIT_Single,ACB,0.624,1.587,0.553,272.9,1.0,-2.197,1.378,13.812,NaN,NaN,NaN,World,Refrigerator03,75.1,NaN,13.557,NaN,1,0,CabinetD06,None,0,0,0,0,0.0000,NaN,NaN,NaN,0
10.51,Romila,AUIT_Single,ACB,0.640,1.584,0.576,276.5,2.4,-2.197,1.378,13.812,NaN,NaN,NaN,World,Refrigerator03,71.4,NaN,13.539,NaN,1,0,CabinetD06,None,0,0,0,0,0.0000,NaN,NaN,NaN,0
10.61,Romila,AUIT_Single,ACB,0.656,1.587,0.597,275.9,3.0,-2.197,1.378,13.812,NaN,NaN,NaN,World,Refrigerator03,71.9,NaN,13.521,NaN,1,0,CabinetD06,None,0,0,0,0,0.0000,NaN,NaN,NaN,0
10.71,Romila,AUIT_Single,ACB,0.669,1.589,0.615,274.5,3.8,-2.197,1.378,13.812,NaN,NaN,NaN,World,Refrigerator03,73.2,NaN,13.507,NaN,1,0,CabinetD06,None,0,0,0,0,0.0000,NaN,NaN,NaN,0
10.80,Romila,AUIT_Single,ACB,0.673,1.590,0.620,273.9,3.2,-2.197,1.378,13.812,NaN,NaN,NaN,World,Refrigerator03,73.8,NaN,13.502,NaN,1,0,CabinetD06,None,0,0,0,0,0.0000,NaN,NaN,NaN,0
10.90,Romila,AUIT_Single,ACB,0.668,1.589,0.612,273.4,2.8,-2.197,1.378,13.812,NaN,NaN,NaN,World,Refrigerator03,74.4,NaN,13.510,NaN,1,0,CabinetD06,None,0,0,0,0,0.0000,NaN,NaN,NaN,0
11.01,Romila,AUIT_Single,ACB,0.651,1.589,0.590,272.4,1.8,-2.197,1.378,13.812,NaN,NaN,NaN,World,Refrigerator03,75.4,NaN,13.528,NaN,1,0,CabinetD06,None,0,0,0,0,0.0000,NaN,NaN,NaN,0
11.11,Romila,AUIT_Single,ACB,0.630,1.593,0.568,272.4,359.7,-2.197,1.378,13.812,NaN,NaN,NaN,World,Refrigerator03,75.6,NaN,13.544,NaN,1,0,CabinetD06,None,0,0,0,0,0.0000,NaN,NaN,NaN,0
11.21,Romila,AUIT_Single,ACB,0.609,1.597,0.551,273.3,359.2,-2.197,1.378,13.812,NaN,NaN,NaN,World,Refrigerator03,74.7,NaN,13.556,NaN,1,0,CabinetD06,None,0,0,0,0,0.0000,NaN,NaN,NaN,0
11.31,Romila,AUIT_Single,ACB,0.591,1.599,0.539,274.6,359.2,-2.197,1.378,13.812,NaN,NaN,NaN,World,Refrigerator03,73.5,NaN,13.565,NaN,1,0,CabinetD06,None,0,0,0,0,0.0000,NaN,NaN,NaN,0
11.40,Romila,AUIT_Single,ACB,0.578,1.599,0.531,276.0,359.3,-2.197,1.378,13.812,NaN,NaN,NaN,World,Refrigerator03,72.3,NaN,13.570,NaN,1,0,CabinetD06,None,0,0,0,0,0.0000,NaN,NaN,NaN,0
11.51,Romila,AUIT_Single,ACB,0.569,1.599,0.525,277.0,359.9,-2.197,1.378,13.812,NaN,NaN,NaN,World,Refrigerator03,71.3,NaN,13.574,NaN,1,0,CabinetD06,None,0,0,0,0,0.0000,NaN,NaN,NaN,0
11.61,Romila,AUIT_Single,ACB,0.564,1.598,0.522,277.6,359.9,-2.197,1.378,13.812,NaN,NaN,NaN,World,Refrigerator03,70.7,NaN,13.576,NaN,1,0,CabinetD06,None,0,0,0,0,0.0000,NaN,NaN,NaN,0
11.71,Romila,AUIT_Single,ACB,0.561,1.597,0.512,274.3,0.8,-2.197,1.378,13.812,NaN,NaN,NaN,World,Refrigerator03,74.0,NaN,13.585,NaN,1,0,CabinetD06,None,0,0,0,0,0.0000,NaN,NaN,NaN,0
11.81,Romila,AUIT_Single,ACB,0.557,1.596,0.498,268.9,1.2,-2.197,1.378,13.812,NaN,NaN,NaN,World,Refrigerator03,79.4,NaN,13.598,NaN,1,0,CabinetD06,None,0,0,0,0,0.0000,NaN,NaN,NaN,0
11.90,Romila,AUIT_Single,ACB,0.554,1.595,0.487,265.4,1.4,-2.197,1.378,13.812,NaN,NaN,NaN,World,Refrigerator03,82.9,NaN,13.608,NaN,1,0,CabinetD06,None,0,0,0,0,0.0000,NaN,NaN,NaN,0
12.01,Romila,AUIT_Single,ACB,0.551,1.595,0.480,264.1,1.6,-2.197,1.378,13.812,NaN,NaN,NaN,World,Refrigerator03,84.2,NaN,13.614,NaN,1,0,CabinetD06,None,0,0,0,0,0.0000,NaN,NaN,NaN,0
12.11,Romila,AUIT_Single,ACB,0.548,1.594,0.478,264.3,1.7,-2.197,1.378,13.812,NaN,NaN,NaN,World,Refrigerator03,84.1,NaN,13.615,NaN,1,0,CabinetD06,None,0,0,0,0,0.0000,NaN,NaN,NaN,0
12.21,Romila,AUIT_Single,ACB,0.544,1.593,0.477,264.2,2.1,-2.197,1.378,13.812,NaN,NaN,NaN,World,Refrigerator03,84.2,NaN,13.615,NaN,1,0,CabinetD06,None,0,0,0,0,0.0000,NaN,NaN,NaN,0
12.31,Romila,AUIT_Single,ACB,0.540,1.592,0.476,264.3,2.0,-2.197,1.378,13.812,NaN,NaN,NaN,World,Refrigerator03,84.1,NaN,13.616,NaN,1,0,CabinetD06,None,0,0,0,0,0.0000,NaN,NaN,NaN,0
12.40,Romila,AUIT_Single,ACB,0.534,1.592,0.471,264.1,2.0,-2.197,1.378,13.812,NaN,NaN,NaN,World,Refrigerator03,84.4,NaN,13.619,NaN,1,0,CabinetD06,None,0,0,0,0,0.0000,NaN,NaN,NaN,0
12.50,Romila,AUIT_Single,ACB,0.528,1.591,0.464,263.8,2.0,-2.197,1.378,13.812,NaN,NaN,NaN,World,Video Quad,84.7,NaN,13.625,NaN,1,0,CabinetD06,None,0,0,0,0,0.0000,NaN,NaN,NaN,0
12.61,Romila,AUIT_Single,ACB,0.520,1.590,0.455,264.2,1.7,-2.197,1.378,13.812,NaN,NaN,NaN,World,Video Quad,84.3,NaN,13.632,NaN,1,0,CabinetD06,None,0,0,0,0,0.0000,NaN,NaN,NaN,0
12.71,Romila,AUIT_Single,ACB,0.515,1.589,0.449,264.5,1.9,-2.197,1.378,13.812,NaN,NaN,NaN,World,Video Quad,84.0,NaN,13.637,NaN,1,0,CabinetD06,None,0,0,0,0,0.0000,NaN,NaN,NaN,0
12.81,Romila,AUIT_Single,ACB,0.512,1.589,0.443,263.9,2.0,-2.197,1.378,13.812,NaN,NaN,NaN,World,Video Quad,84.6,NaN,13.642,NaN,1,0,CabinetD06,None,0,0,0,0,0.0000,NaN,NaN,NaN,0
12.90,Romila,AUIT_Single,ACB,0.510,1.588,0.440,263.5,2.1,-2.197,1.378,13.812,NaN,NaN,NaN,World,Video Quad,85.0,NaN,13.645,NaN,1,0,CabinetD06,None,0,0,0,0,0.0000,NaN,NaN,NaN,0
13.00,Romila,AUIT_Single,ACB,0.510,1.588,0.440,264.2,2.2,-2.197,1.378,13.812,NaN,NaN,NaN,World,Video Quad,84.3,NaN,13.645,NaN,1,0,CabinetD06,None,0,0,0,0,0.0000,NaN,NaN,NaN,0
13.11,Romila,AUIT_Single,ACB,0.511,1.588,0.444,266.3,2.4,-2.197,1.378,13.812,NaN,NaN,NaN,World,Video Quad,82.2,NaN,13.641,NaN,1,0,CabinetD06,None,0,0,0,0,0.0000,NaN,NaN,NaN,0
13.21,Romila,AUIT_Single,ACB,0.514,1.588,0.450,268.2,2.8,-2.197,1.378,13.812,NaN,NaN,NaN,World,Video Quad,80.3,NaN,13.636,NaN,1,0,CabinetD06,None,0,0,0,0,0.0000,NaN,NaN,NaN,0
13.31,Romila,AUIT_Single,ACB,0.519,1.590,0.458,271.1,2.9,-2.197,1.378,13.812,NaN,NaN,NaN,World,Video Quad,77.4,NaN,13.629,NaN,1,0,CabinetD06,None,0,0,0,0,0.0000,NaN,NaN,NaN,0
13.40,Romila,AUIT_Single,ACB,0.527,1.591,0.469,275.4,2.9,-2.197,1.378,13.812,NaN,NaN,NaN,World,Video Quad,73.1,NaN,13.620,NaN,1,0,CabinetD06,None,0,0,0,0,0.0000,NaN,NaN,NaN,0
13.50,Romila,AUIT_Single,ACB,0.536,1.593,0.482,280.2,3.0,-2.197,1.378,13.812,NaN,NaN,NaN,World,Video Quad,68.2,NaN,13.609,NaN,1,0,CabinetD06,None,0,0,0,0,0.0000,NaN,NaN,NaN,0
13.61,Romila,AUIT_Single,ACB,0.548,1.594,0.497,286.7,3.1,-2.197,1.378,13.812,NaN,NaN,NaN,World,Video Quad,61.7,NaN,13.597,NaN,1,0,CabinetD06,None,0,0,0,0,0.0000,NaN,NaN,NaN,0
13.71,Romila,AUIT_Single,ACB,0.560,1.595,0.509,292.5,3.3,-2.197,1.378,13.812,NaN,NaN,NaN,World,Refrigerator03_Door01,55.8,NaN,13.588,NaN,1,0,CabinetD06,None,0,0,0,0,0.0000,NaN,NaN,NaN,0
13.81,Romila,AUIT_Single,ACB,0.573,1.596,0.519,298.1,3.3,-2.197,1.378,13.812,NaN,NaN,NaN,World,Refrigerator03_Door01,50.2,NaN,13.581,NaN,1,0,CabinetD06,None,0,0,0,0,0.0000,NaN,NaN,NaN,0
13.90,Romila,AUIT_Single,ACB,0.586,1.596,0.526,303.8,3.7,-2.197,1.378,13.812,NaN,NaN,NaN,World,Refrigerator03_Door01,44.4,NaN,13.576,NaN,1,0,CabinetD06,None,0,0,0,0,0.0000,NaN,NaN,NaN,0
14.00,Romila,AUIT_Single,ACB,0.600,1.596,0.536,311.7,4.1,-2.197,1.378,13.812,NaN,NaN,NaN,World,Wall4m,36.5,NaN,13.570,NaN,1,0,CabinetD06,None,0,0,0,0,0.0000,NaN,NaN,NaN,0
14.11,Romila,AUIT_Single,ACB,0.618,1.594,0.548,322.3,4.9,-2.197,1.378,13.812,NaN,NaN,NaN,World,CabinetD07,26.0,NaN,13.561,NaN,1,0,CabinetD06,None,0,0,0,0,0.0000,NaN,NaN,NaN,0
14.21,Romila,AUIT_Single,ACB,0.634,1.593,0.559,331.3,5.9,-2.197,1.378,13.812,NaN,NaN,NaN,World,CabinetD06Door,17.3,NaN,13.554,NaN,1,0,CabinetD06,None,1,0,0,0,0.0000,NaN,NaN,NaN,0
14.31,Romila,AUIT_Single,ACB,0.652,1.591,0.570,340.1,6.6,-2.197,1.378,13.812,NaN,NaN,NaN,World,CabinetD06,9.6,NaN,13.547,NaN,1,0,CabinetD06,None,1,0,0,0,0.0000,NaN,NaN,NaN,0
14.42,Romila,AUIT_Single,ACB,0.671,1.590,0.580,348.2,7.5,-2.197,1.378,13.812,NaN,NaN,NaN,World,Wall4m,6.6,NaN,13.541,NaN,1,0,CabinetD06,None,1,0,0,0,0.0000,NaN,NaN,NaN,0
14.50,Romila,AUIT_Single,ACB,0.687,1.590,0.590,354.4,8.2,-2.197,1.378,13.812,NaN,NaN,NaN,World,Wall4m,9.9,NaN,13.535,NaN,1,0,CabinetD06,None,1,0,0,0,0.0000,NaN,NaN,NaN,0
14.61,Romila,AUIT_Single,ACB,0.704,1.591,0.600,359.3,8.4,-2.197,1.378,13.812,NaN,NaN,NaN,World,Video Quad,13.8,NaN,13.529,NaN,1,0,CabinetD06,None,1,0,0,0,0.0000,NaN,NaN,NaN,0
14.71,Romila,AUIT_Single,ACB,0.718,1.591,0.610,1.8,8.6,-2.197,1.378,13.812,NaN,NaN,NaN,World,Wall4m,16.1,NaN,13.522,NaN,1,0,CabinetD06,None,1,0,0,0,0.0000,NaN,NaN,NaN,0
14.81,Romila,AUIT_Single,ACB,0.732,1.591,0.621,4.1,8.8,-2.197,1.378,13.812,NaN,NaN,NaN,World,Wall4m,18.4,NaN,13.515,NaN,1,0,CabinetD06,None,1,0,0,0,0.0000,NaN,NaN,NaN,0
14.90,Romila,AUIT_Single,ACB,0.745,1.591,0.632,6.3,8.8,-2.197,1.378,13.812,NaN,NaN,NaN,World,Wall4m,20.4,NaN,13.506,NaN,1,0,CabinetD06,None,1,0,0,0,0.0000,NaN,NaN,NaN,0
15.00,Romila,AUIT_Single,ACB,0.757,1.591,0.643,7.2,8.9,-2.197,1.378,13.812,NaN,NaN,NaN,World,Wall4m,21.3,NaN,13.498,NaN,1,0,CabinetD06,None,1,0,0,0,0.0000,NaN,NaN,NaN,0
15.11,Romila,AUIT_Single,ACB,0.767,1.591,0.653,7.4,9.5,-2.197,1.378,13.812,NaN,NaN,NaN,World,Wall4m,21.8,NaN,13.491,NaN,1,0,CabinetD06,None,1,0,0,0,0.0000,NaN,NaN,NaN,0
15.21,Romila,AUIT_Single,ACB,0.773,1.590,0.659,7.5,9.6,-2.197,1.378,13.812,NaN,NaN,NaN,World,Wall4m,21.9,NaN,13.486,NaN,1,0,CabinetD06,None,1,0,0,0,0.0000,NaN,NaN,NaN,0
15.31,Romila,AUIT_Single,ACB,0.776,1.590,0.664,7.6,9.7,-2.197,1.378,13.812,NaN,NaN,NaN,World,Wall4m,22.1,NaN,13.482,NaN,1,0,CabinetD06,None,1,0,0,0,0.0000,NaN,NaN,NaN,0
15.40,Romila,AUIT_Single,ACB,0.778,1.589,0.667,7.6,10.0,-2.197,1.378,13.812,NaN,NaN,NaN,World,Wall4m,22.2,NaN,13.479,NaN,1,0,CabinetD06,None,1,0,0,0,0.0000,NaN,NaN,NaN,0
15.50,Romila,AUIT_Single,ACB,0.779,1.588,0.669,7.4,10.4,-2.197,1.378,13.812,NaN,NaN,NaN,World,Wall4m,22.1,NaN,13.478,NaN,1,0,CabinetD06,None,1,0,0,0,0.0000,NaN,NaN,NaN,0
15.61,Romila,AUIT_Single,ACB,0.779,1.588,0.669,7.1,10.4,-2.197,1.378,13.812,NaN,NaN,NaN,World,Wall4m,21.9,NaN,13.477,NaN,1,0,CabinetD06,None,1,0,0,0,0.0000,NaN,NaN,NaN,0
15.71,Romila,AUIT_Single,ACB,0.778,1.588,0.669,6.8,10.6,-2.197,1.378,13.812,NaN,NaN,NaN,World,Wall4m,21.7,NaN,13.477,NaN,1,0,CabinetD06,None,1,0,0,0,0.0000,NaN,NaN,NaN,0
15.81,Romila,AUIT_Single,ACB,0.774,1.588,0.669,5.1,10.8,-2.197,1.378,13.812,NaN,NaN,NaN,World,Wall4m,20.4,NaN,13.476,NaN,1,0,CabinetD06,None,1,0,0,0,0.0000,NaN,NaN,NaN,0
15.91,Romila,AUIT_Single,ACB,0.763,1.588,0.669,358.2,10.6,-2.197,1.378,13.812,NaN,NaN,NaN,World,Wall4m,14.6,NaN,13.474,NaN,1,0,CabinetD06,None,1,0,0,0,0.0000,NaN,NaN,NaN,0
16.00,Romila,AUIT_Single,ACB,0.748,1.591,0.664,348.4,9.3,-2.197,1.378,13.812,NaN,NaN,NaN,World,Video Quad,8.5,NaN,13.475,NaN,1,0,CabinetD06,None,1,0,0,0,0.0000,NaN,NaN,NaN,0
16.11,Romila,AUIT_Single,ACB,0.738,1.595,0.657,340.6,7.1,-2.197,1.378,13.812,NaN,NaN,NaN,World,Video Quad,9.2,NaN,13.481,NaN,1,0,CabinetD06,None,1,0,0,0,0.0000,NaN,NaN,NaN,0
16.21,Romila,AUIT_Single,ACB,0.735,1.598,0.651,337.7,5.3,-2.197,1.378,13.812,NaN,NaN,NaN,World,CabinetD06,10.7,NaN,13.486,NaN,1,0,CabinetD06,None,1,0,0,0,0.0000,NaN,NaN,NaN,0
16.31,Romila,AUIT_Single,ACB,0.736,1.600,0.648,336.9,4.1,-2.197,1.378,13.812,NaN,NaN,NaN,World,CabinetD06,11.0,NaN,13.489,NaN,1,0,CabinetD06,None,1,0,0,0,0.0000,NaN,NaN,NaN,0
16.40,Romila,AUIT_Single,ACB,0.739,1.602,0.645,337.4,3.2,-2.197,1.378,13.812,NaN,NaN,NaN,World,CabinetD06,10.2,NaN,13.492,NaN,1,0,CabinetD06,None,1,0,0,0,0.0000,NaN,NaN,NaN,0
16.50,Romila,AUIT_Single,ACB,0.741,1.604,0.643,338.2,2.3,-2.197,1.378,13.812,NaN,NaN,NaN,World,CabinetD06,9.3,NaN,13.495,NaN,1,0,CabinetD06,None,1,0,0,0,0.0000,NaN,NaN,NaN,0
16.61,Romila,AUIT_Single,ACB,0.743,1.605,0.640,338.7,1.4,-2.197,1.378,13.812,NaN,NaN,NaN,World,CabinetD06,8.8,NaN,13.498,NaN,1,0,CabinetD06,None,1,0,0,0,0.0000,NaN,NaN,NaN,0
16.71,Romila,AUIT_Single,ACB,0.744,1.607,0.637,338.9,0.6,-2.197,1.378,13.812,NaN,NaN,NaN,World,CabinetD06,8.6,NaN,13.501,NaN,1,0,CabinetD06,None,1,0,0,0,0.0000,NaN,NaN,NaN,0
16.81,Romila,AUIT_Single,ACB,0.743,1.608,0.634,339.0,359.9,-2.197,1.378,13.812,NaN,NaN,NaN,World,CabinetD06,8.5,NaN,13.504,NaN,1,0,CabinetD06,None,1,0,0,0,0.0000,NaN,NaN,NaN,0
16.90,Romila,AUIT_Single,ACB,0.741,1.609,0.632,339.2,359.5,-2.197,1.378,13.812,NaN,NaN,NaN,World,CabinetD06,8.4,NaN,13.506,NaN,1,0,CabinetD06,None,1,0,0,0,0.0000,NaN,NaN,NaN,0
17.00,Romila,AUIT_Single,ACB,0.739,1.609,0.629,339.4,359.0,-2.197,1.378,13.812,NaN,NaN,NaN,World,CabinetD06,8.3,NaN,13.508,NaN,1,0,CabinetD06,None,1,0,0,0,0.0000,NaN,NaN,NaN,0
17.11,Romila,AUIT_Single,ACB,0.737,1.610,0.628,339.6,358.7,-2.197,1.378,13.812,NaN,NaN,NaN,World,CabinetD06,8.2,NaN,13.509,NaN,1,0,CabinetD06,None,1,0,0,0,0.0000,NaN,NaN,NaN,0
17.21,Romila,AUIT_Single,ACB,0.736,1.611,0.628,339.7,358.0,-2.197,1.378,13.812,NaN,NaN,NaN,World,CabinetD06,8.3,NaN,13.509,NaN,1,0,CabinetD06,None,1,0,0,0,0.0000,NaN,NaN,NaN,0
17.31,Romila,AUIT_Single,ACB,0.736,1.613,0.629,339.9,357.3,-2.197,1.378,13.812,NaN,NaN,NaN,World,CabinetD06,8.4,NaN,13.507,NaN,1,0,CabinetD06,None,1,0,0,0,0.0000,NaN,NaN,NaN,0
17.40,Romila,AUIT_Single,ACB,0.735,1.615,0.631,339.9,356.1,-2.197,1.378,13.812,NaN,NaN,NaN,World,CabinetD06,9.1,NaN,13.506,NaN,1,0,CabinetD06,None,1,0,0,0,0.0000,NaN,NaN,NaN,0
17.50,Romila,AUIT_Single,ACB,0.734,1.617,0.631,339.7,355.1,-2.197,1.378,13.812,NaN,NaN,NaN,World,CabinetD06,9.8,NaN,13.505,NaN,1,0,CabinetD06,None,1,0,0,0,0.0000,NaN,NaN,NaN,0
17.61,Romila,AUIT_Single,ACB,0.730,1.618,0.631,338.9,354.3,-2.197,1.378,13.812,NaN,NaN,NaN,World,CabinetD06,10.9,NaN,13.504,NaN,1,0,CabinetD06,None,1,0,0,0,0.0000,NaN,NaN,NaN,0
17.71,Romila,AUIT_Single,ACB,0.727,1.617,0.633,338.3,355.1,-2.197,1.378,13.812,NaN,NaN,NaN,World,CabinetD06,11.0,NaN,13.501,NaN,1,0,CabinetD06,None,1,0,0,0,0.0000,NaN,NaN,NaN,0
17.81,Romila,AUIT_Single,ACB,0.726,1.615,0.635,338.4,356.0,-2.197,1.378,13.812,NaN,NaN,NaN,World,CabinetD06,10.4,NaN,13.500,NaN,1,0,CabinetD06,None,1,0,0,0,0.0000,NaN,NaN,NaN,0
17.90,Romila,AUIT_Single,ACB,0.726,1.615,0.637,338.9,356.3,-2.197,1.378,13.812,NaN,NaN,NaN,World,CabinetD06,9.9,NaN,13.498,NaN,1,0,CabinetD06,None,1,0,0,0,0.0000,NaN,NaN,NaN,0
18.00,Romila,AUIT_Single,ACB,0.728,1.614,0.639,340.2,356.8,-2.197,1.378,13.812,NaN,NaN,NaN,World,CabinetD06,8.4,NaN,13.497,NaN,1,0,CabinetD06,None,1,0,0,0,0.0000,NaN,NaN,NaN,0
18.11,Romila,AUIT_Single,ACB,0.731,1.613,0.640,341.6,357.6,-2.197,1.378,13.812,NaN,NaN,NaN,World,CabinetD06,6.8,NaN,13.496,NaN,1,0,CabinetD06,None,1,0,0,0,0.0000,NaN,NaN,NaN,0
18.21,Romila,AUIT_Single,ACB,0.732,1.612,0.641,342.2,358.0,-2.197,1.378,13.812,NaN,NaN,NaN,World,CabinetD06,6.1,NaN,13.495,NaN,1,0,CabinetD06,None,1,0,0,0,0.0000,NaN,NaN,NaN,0
18.31,Romila,AUIT_Single,ACB,0.733,1.612,0.641,342.6,357.9,-2.197,1.378,13.812,NaN,NaN,NaN,World,CabinetD06,5.8,NaN,13.495,NaN,1,0,CabinetD06,None,1,0,0,0,0.0000,NaN,NaN,NaN,0
18.40,Romila,AUIT_Single,ACB,0.733,1.612,0.642,342.7,358.1,-2.197,1.378,13.812,NaN,NaN,NaN,World,CabinetD06,5.6,NaN,13.494,NaN,1,0,CabinetD06,None,1,0,0,0,0.0000,NaN,NaN,NaN,0
18.50,Romila,AUIT_Single,ACB,0.733,1.611,0.643,342.6,358.4,-2.197,1.378,13.812,NaN,NaN,NaN,World,CabinetD06,5.5,NaN,13.493,NaN,1,0,CabinetD06,None,1,0,0,0,0.0000,NaN,NaN,NaN,0
18.61,Romila,AUIT_Single,ACB,0.733,1.611,0.644,342.4,358.5,-2.197,1.378,13.812,NaN,NaN,NaN,World,CabinetD06,5.6,NaN,13.492,NaN,1,0,CabinetD06,None,1,0,0,0,0.0000,NaN,NaN,NaN,0
18.71,Romila,AUIT_Single,ACB,0.732,1.611,0.644,342.1,358.5,-2.197,1.378,13.812,NaN,NaN,NaN,World,CabinetD06,5.9,NaN,13.492,NaN,1,0,CabinetD06,None,1,0,0,0,0.0000,NaN,NaN,NaN,0
18.81,Romila,AUIT_Single,ACB,0.731,1.611,0.645,341.9,358.4,-2.197,1.378,13.812,NaN,NaN,NaN,World,CabinetD06,6.2,NaN,13.491,NaN,1,0,CabinetD06,None,1,0,0,0,0.0000,NaN,NaN,NaN,0
18.90,Romila,AUIT_Single,ACB,0.731,1.611,0.647,341.5,358.4,-2.197,1.378,13.812,NaN,NaN,NaN,World,CabinetD06,6.6,NaN,13.489,NaN,1,0,CabinetD06,None,1,0,0,0,0.0000,NaN,NaN,NaN,0
19.00,Romila,AUIT_Single,ACB,0.731,1.611,0.651,340.9,358.0,-2.197,1.378,13.812,NaN,NaN,NaN,World,CabinetD06,7.2,NaN,13.485,NaN,1,0,CabinetD06,None,1,0,0,0,0.0000,NaN,NaN,NaN,0
19.11,Romila,AUIT_Single,ACB,0.732,1.612,0.659,339.8,357.2,-2.197,1.378,13.812,NaN,NaN,NaN,World,CabinetD06,8.5,NaN,13.477,NaN,1,0,CabinetD06,None,1,0,0,0,0.0000,NaN,NaN,NaN,0
19.21,Romila,AUIT_Single,ACB,0.736,1.613,0.671,338.1,356.4,-2.197,1.378,13.812,NaN,NaN,NaN,World,CabinetD06,10.4,NaN,13.467,NaN,1,0,CabinetD06,None,1,0,0,0,0.0000,NaN,NaN,NaN,0
19.31,Romila,AUIT_Single,ACB,0.744,1.611,0.685,336.2,356.5,-2.197,1.378,13.812,NaN,NaN,NaN,World,CabinetD06,12.1,NaN,13.455,NaN,1,0,CabinetD06,None,1,0,0,0,0.0000,NaN,NaN,NaN,0
19.40,Romila,AUIT_Single,ACB,0.757,1.608,0.701,334.4,357.3,-2.197,1.378,13.812,NaN,NaN,NaN,World,CabinetD06,13.4,NaN,13.442,NaN,1,0,CabinetD06,None,1,0,0,0,0.0000,NaN,NaN,NaN,0
19.50,Romila,AUIT_Single,ACB,0.769,1.607,0.717,333.7,357.4,-2.197,1.378,13.812,NaN,NaN,NaN,World,CabinetD06,14.0,NaN,13.429,NaN,1,0,CabinetD06,None,1,0,0,0,0.0000,NaN,NaN,NaN,0
19.61,Romila,AUIT_Single,ACB,0.774,1.607,0.733,333.1,357.7,-2.197,1.378,13.812,NaN,NaN,NaN,World,CabinetD06,14.4,NaN,13.414,NaN,1,0,CabinetD06,None,1,0,0,0,0.0000,NaN,NaN,NaN,0
19.71,Romila,AUIT_Single,ACB,0.770,1.608,0.746,333.3,357.4,-2.197,1.378,13.812,NaN,NaN,NaN,World,CabinetD06,14.4,NaN,13.401,NaN,1,0,CabinetD06,None,1,0,0,0,0.0000,NaN,NaN,NaN,0
19.81,Romila,AUIT_Single,ACB,0.757,1.608,0.757,333.8,356.6,-2.197,1.378,13.812,NaN,NaN,NaN,World,CabinetD06,14.1,NaN,13.387,NaN,1,0,CabinetD06,None,1,0,0,0,0.0000,NaN,NaN,NaN,0
19.90,Romila,AUIT_Single,ACB,0.737,1.608,0.765,334.7,356.7,-2.197,1.378,13.812,NaN,NaN,NaN,World,CabinetD06,13.3,NaN,13.375,NaN,1,0,CabinetD06,None,1,0,0,0,0.0000,NaN,NaN,NaN,0
20.00,Romila,AUIT_Single,ACB,0.716,1.612,0.772,335.1,356.5,-2.197,1.378,13.812,NaN,NaN,NaN,World,CabinetD06,13.1,NaN,13.364,NaN,1,0,CabinetD06,None,1,0,0,0,0.0000,NaN,NaN,NaN,0
20.11,Romila,AUIT_Single,ACB,0.694,1.614,0.781,334.6,356.1,-2.197,1.378,13.812,NaN,NaN,NaN,World,CabinetD06,13.7,NaN,13.350,NaN,1,0,CabinetD06,None,1,0,0,0,0.0000,NaN,NaN,NaN,0
20.21,Romila,AUIT_Single,ACB,0.679,1.614,0.789,334.9,356.6,-2.197,1.378,13.812,NaN,NaN,NaN,World,CabinetD06,13.4,NaN,13.339,NaN,1,0,CabinetD06,None,1,0,0,0,0.0000,NaN,NaN,NaN,0
20.31,Romila,AUIT_Single,ACB,0.668,1.614,0.796,336.0,357.4,-2.197,1.378,13.812,NaN,NaN,NaN,World,CabinetD06,12.1,NaN,13.330,NaN,1,0,CabinetD06,None,1,0,0,0,0.0000,NaN,NaN,NaN,0
20.40,Romila,AUIT_Single,ACB,0.662,1.611,0.802,338.4,359.1,-2.197,1.378,13.812,NaN,NaN,NaN,World,CabinetD06,9.4,NaN,13.323,NaN,1,0,CabinetD06,None,1,0,0,0,0.0000,NaN,NaN,NaN,0
20.50,Romila,AUIT_Single,ACB,0.663,1.608,0.806,342.2,1.2,-2.197,1.378,13.812,NaN,NaN,NaN,World,CabinetD06,5.4,NaN,13.318,NaN,1,0,CabinetD06,None,1,0,0,0,0.0000,NaN,NaN,NaN,0
20.61,Romila,AUIT_Single,ACB,0.672,1.604,0.809,348.3,3.5,-2.197,1.378,13.812,NaN,NaN,NaN,World,Video Quad,2.7,NaN,13.318,NaN,1,0,CabinetD06,None,1,0,0,0,0.0000,NaN,NaN,NaN,0
20.71,Romila,AUIT_Single,ACB,0.684,1.599,0.809,354.6,6.0,-2.197,1.378,13.812,NaN,NaN,NaN,World,Wall4m,8.6,NaN,13.320,NaN,1,0,CabinetD06,None,1,0,0,0,0.0000,NaN,NaN,NaN,0
20.81,Romila,AUIT_Single,ACB,0.698,1.595,0.806,0.2,8.3,-2.197,1.378,13.812,NaN,NaN,NaN,World,CabinetD05,14.7,NaN,13.326,NaN,1,0,CabinetD06,None,1,0,0,0,0.0000,NaN,NaN,NaN,0
20.90,Romila,AUIT_Single,ACB,0.711,1.593,0.802,4.5,9.5,-2.197,1.378,13.812,NaN,NaN,NaN,World,Wall4m,19.0,NaN,13.333,NaN,1,0,CabinetD06,None,1,0,0,0,0.0000,NaN,NaN,NaN,0
21.00,Romila,AUIT_Single,ACB,0.721,1.591,0.796,7.4,10.0,-2.197,1.378,13.812,NaN,NaN,NaN,World,Wall4m,21.9,NaN,13.341,NaN,1,0,CabinetD06,None,1,0,0,0,0.0000,NaN,NaN,NaN,0
21.14,Romila,AUIT_Single,ACB,0.730,1.589,0.791,9.3,10.7,-2.197,1.378,13.812,NaN,NaN,NaN,World,Wall4m,23.9,NaN,13.348,NaN,1,0,CabinetD06,None,1,0,0,0,0.0000,NaN,NaN,NaN,0
21.21,Romila,AUIT_Single,ACB,0.738,1.588,0.784,10.8,11.5,-2.197,1.378,13.812,NaN,NaN,NaN,World,Wall4m,25.6,NaN,13.356,NaN,1,0,CabinetD06,None,0,0,0,0,0.0000,NaN,NaN,NaN,0
21.31,Romila,AUIT_Single,ACB,0.744,1.587,0.780,11.4,11.9,-2.197,1.378,13.812,NaN,NaN,NaN,World,Wall4m,26.4,NaN,13.362,NaN,1,0,CabinetD06,None,0,0,0,0,0.0000,NaN,NaN,NaN,0
21.40,Romila,AUIT_Single,ACB,0.749,1.587,0.776,11.9,12.3,-2.197,1.378,13.812,NaN,NaN,NaN,World,Wall4m,27.0,NaN,13.367,NaN,1,0,CabinetD06,None,0,0,0,0,0.0000,NaN,NaN,NaN,0
21.50,Romila,AUIT_Single,ACB,0.753,1.586,0.773,12.2,12.5,-2.197,1.378,13.812,NaN,NaN,NaN,World,Wall4m,27.3,NaN,13.370,NaN,1,0,CabinetD06,None,0,0,0,0,0.0000,NaN,NaN,NaN,0
21.61,Romila,AUIT_Single,ACB,0.758,1.585,0.769,12.3,12.8,-2.197,1.378,13.812,NaN,NaN,NaN,World,Wall4m,27.5,NaN,13.375,NaN,1,0,CabinetD06,None,0,0,0,0,0.0000,NaN,NaN,NaN,0
21.71,Romila,AUIT_Single,ACB,0.761,1.586,0.766,12.3,12.6,-2.197,1.378,13.812,NaN,NaN,NaN,World,Wall4m,27.5,NaN,13.379,NaN,1,0,CabinetD06,None,0,0,0,0,0.0000,NaN,NaN,NaN,0
21.81,Romila,AUIT_Single,ACB,0.763,1.586,0.763,11.9,12.1,-2.197,1.378,13.812,NaN,NaN,NaN,World,Wall4m,27.0,NaN,13.383,NaN,1,0,CabinetD06,None,0,0,0,0,0.0000,NaN,NaN,NaN,0
21.90,Romila,AUIT_Single,ACB,0.765,1.587,0.760,11.4,11.6,-2.197,1.378,13.812,NaN,NaN,NaN,World,Wall4m,26.3,NaN,13.385,NaN,1,0,CabinetD06,None,0,0,0,0,0.0000,NaN,NaN,NaN,0
22.00,Romila,AUIT_Single,ACB,0.767,1.588,0.759,11.3,11.5,-2.197,1.378,13.812,NaN,NaN,NaN,World,Wall4m,26.2,NaN,13.387,NaN,1,0,CabinetD06,None,0,0,0,0,0.0000,NaN,NaN,NaN,0
22.11,Romila,AUIT_Single,ACB,0.768,1.588,0.760,11.6,11.6,-2.197,1.378,13.812,NaN,NaN,NaN,World,Wall4m,26.5,NaN,13.387,NaN,1,0,CabinetD06,None,0,0,0,0,0.0000,NaN,NaN,NaN,0
22.21,Romila,AUIT_Single,ACB,0.769,1.587,0.760,11.7,11.7,-2.197,1.378,13.812,NaN,NaN,NaN,World,Wall4m,26.7,NaN,13.386,NaN,1,0,CabinetD06,None,0,0,0,0,0.0000,NaN,NaN,NaN,0
22.31,Romila,AUIT_Single,ACB,0.770,1.588,0.761,11.8,11.6,-2.197,1.378,13.812,NaN,NaN,NaN,World,Wall4m,26.6,NaN,13.386,NaN,1,0,CabinetD06,None,0,0,0,0,0.0000,NaN,NaN,NaN,0
22.41,Romila,AUIT_Single,ACB,0.771,1.588,0.762,11.8,11.5,-2.197,1.378,13.812,NaN,NaN,NaN,World,Wall4m,26.7,NaN,13.385,NaN,1,0,CabinetD06,None,0,0,0,0,0.0000,NaN,NaN,NaN,0
22.50,Romila,AUIT_Single,ACB,0.772,1.588,0.763,11.4,11.2,-2.197,1.378,13.812,NaN,NaN,NaN,World,Wall4m,26.2,NaN,13.385,NaN,1,0,CabinetD06,None,0,0,0,0,0.0000,NaN,NaN,NaN,0
22.61,Romila,AUIT_Single,ACB,0.771,1.590,0.764,10.5,10.1,-2.197,1.378,13.812,NaN,NaN,NaN,World,Wall4m,25.0,NaN,13.384,NaN,1,0,CabinetD06,None,1,0,0,0,0.0000,NaN,NaN,NaN,0
22.71,Romila,AUIT_Single,ACB,0.771,1.593,0.764,9.6,8.7,-2.197,1.378,13.812,NaN,NaN,NaN,World,Video Quad,23.6,NaN,13.384,NaN,1,0,CabinetD06,None,1,0,0,0,0.0000,NaN,NaN,NaN,0
22.81,Romila,AUIT_Single,ACB,0.771,1.596,0.763,8.4,6.9,-2.197,1.378,13.812,NaN,NaN,NaN,World,Video Quad,22.0,NaN,13.384,NaN,1,0,CabinetD06,None,1,0,0,0,0.0000,NaN,NaN,NaN,0
22.91,Romila,AUIT_Single,ACB,0.771,1.600,0.761,6.9,4.5,-2.197,1.378,13.812,NaN,NaN,NaN,World,Video Quad,20.0,NaN,13.386,NaN,1,0,CabinetD06,None,1,0,0,0,0.0000,NaN,NaN,NaN,0
23.00,Romila,AUIT_Single,ACB,0.772,1.605,0.757,5.0,1.7,-2.197,1.378,13.812,NaN,NaN,NaN,World,Video Quad,17.8,NaN,13.390,NaN,1,0,CabinetD06,None,1,0,0,0,0.0000,NaN,NaN,NaN,0
23.11,Romila,AUIT_Single,ACB,0.780,1.610,0.751,3.7,358.9,-2.197,1.378,13.812,NaN,NaN,NaN,World,Video Quad,16.7,NaN,13.398,NaN,1,0,CabinetD06,None,1,0,0,0,0.0000,NaN,NaN,NaN,0
23.21,Romila,AUIT_Single,ACB,0.796,1.611,0.745,4.4,357.7,-2.197,1.378,13.812,NaN,NaN,NaN,World,Video Quad,17.6,NaN,13.408,NaN,1,0,CabinetD06,None,1,0,0,0,0.0000,NaN,NaN,NaN,0
23.31,Romila,AUIT_Single,ACB,0.822,1.609,0.739,6.8,358.1,-2.197,1.378,13.812,NaN,NaN,NaN,World,Video Quad,20.0,NaN,13.419,NaN,1,0,CabinetD06,None,1,0,0,0,0.0000,NaN,NaN,NaN,0
23.41,Romila,AUIT_Single,ACB,0.856,1.605,0.733,9.6,359.3,-2.197,1.378,13.812,NaN,NaN,NaN,World,CabinetD05,22.8,NaN,13.432,NaN,1,0,CabinetD06,None,1,0,0,0,0.0000,NaN,NaN,NaN,0
23.50,Romila,AUIT_Single,ACB,0.890,1.600,0.727,11.8,0.2,-2.197,1.378,13.812,NaN,NaN,NaN,World,CabinetD05Door,25.1,NaN,13.447,NaN,1,0,CabinetD06,None,0,0,0,0,0.0000,NaN,NaN,NaN,0
23.61,Romila,AUIT_Single,ACB,0.922,1.596,0.721,12.7,0.3,-2.197,1.378,13.812,NaN,NaN,NaN,World,CabinetD05Door,26.1,NaN,13.459,NaN,1,0,CabinetD05,None,0,0,0,0,0.0000,NaN,NaN,NaN,0
23.71,Romila,AUIT_Single,ACB,0.941,1.593,0.720,12.4,0.7,-2.197,1.378,13.812,NaN,NaN,NaN,World,CabinetD05Door,25.8,NaN,13.465,NaN,1,0,CabinetD05,None,0,0,0,0,0.0000,NaN,NaN,NaN,0
23.81,Romila,AUIT_Single,ACB,0.953,1.590,0.720,11.7,1.1,-2.197,1.378,13.812,NaN,NaN,NaN,World,CabinetD05Door,25.2,NaN,13.468,NaN,1,0,CabinetD05,None,0,0,0,0,0.0000,NaN,NaN,NaN,0
23.91,Romila,AUIT_Single,ACB,0.959,1.591,0.722,11.2,1.4,-2.197,1.378,13.812,NaN,NaN,NaN,World,CabinetD05Door,24.8,NaN,13.467,NaN,1,0,CabinetD05,None,1,0,0,0,0.0000,NaN,NaN,NaN,0
24.00,Romila,AUIT_Single,ACB,0.958,1.591,0.726,11.1,1.6,-2.197,1.378,13.812,NaN,NaN,NaN,World,CabinetD05Door,24.7,NaN,13.463,NaN,1,0,CabinetD05,None,1,0,0,0,0.0000,NaN,NaN,NaN,0
24.10,Romila,AUIT_Single,ACB,0.950,1.591,0.729,11.3,2.3,-2.197,1.378,13.812,NaN,NaN,NaN,World,CabinetD05Door,24.8,NaN,13.458,NaN,1,0,CabinetD05,None,1,0,0,0,0.0000,NaN,NaN,NaN,0
24.21,Romila,AUIT_Single,ACB,0.932,1.590,0.730,12.3,2.7,-2.197,1.378,13.812,NaN,NaN,NaN,World,CabinetD05Door,25.8,NaN,13.453,NaN,1,0,CabinetD05,None,0,0,0,0,0.0000,NaN,NaN,NaN,0
24.31,Romila,AUIT_Single,ACB,0.914,1.592,0.733,13.1,1.9,-2.197,1.378,13.812,NaN,NaN,NaN,World,CabinetD05Door,26.5,NaN,13.446,NaN,1,0,CabinetD05,None,0,0,0,0,0.0000,NaN,NaN,NaN,0
24.41,Romila,AUIT_Single,ACB,0.905,1.592,0.737,12.0,2.8,-2.197,1.378,13.812,NaN,NaN,NaN,World,CabinetD05Door,25.4,NaN,13.440,NaN,1,0,CabinetD05,None,0,0,0,0,0.0000,NaN,NaN,NaN,0
24.50,Romila,AUIT_Single,ACB,0.910,1.594,0.743,10.2,2.6,-2.197,1.378,13.812,NaN,NaN,NaN,World,CabinetD05Door,23.6,NaN,13.435,NaN,1,0,CabinetD05,None,1,0,0,0,0.0000,NaN,NaN,NaN,0
24.60,Romila,AUIT_Single,ACB,0.924,1.595,0.754,8.6,1.6,-2.197,1.378,13.812,NaN,NaN,NaN,World,CabinetD05Door,22.0,NaN,13.428,NaN,1,0,CabinetD05,None,1,0,0,0,0.0000,NaN,NaN,NaN,0
24.71,Romila,AUIT_Single,ACB,0.948,1.596,0.772,6.4,0.4,-2.197,1.378,13.812,NaN,NaN,NaN,World,CabinetD05,20.0,NaN,13.415,NaN,1,0,CabinetD05,None,1,0,0,0,0.0000,NaN,NaN,NaN,0
24.81,Romila,AUIT_Single,ACB,0.971,1.600,0.792,3.6,0.1,-2.197,1.378,13.812,NaN,NaN,NaN,World,CabinetD05,17.3,NaN,13.402,NaN,1,0,CabinetD05,None,1,0,0,0,0.0000,NaN,NaN,NaN,0
24.91,Romila,AUIT_Single,ACB,0.993,1.602,0.812,0.9,0.1,-2.197,1.378,13.812,NaN,NaN,NaN,World,CabinetD05,14.7,NaN,13.388,NaN,1,0,CabinetD05,None,1,0,0,0,0.0000,NaN,NaN,NaN,0
25.00,Romila,AUIT_Single,ACB,1.009,1.602,0.828,358.9,0.4,-2.197,1.378,13.812,NaN,NaN,NaN,World,CabinetD05,12.8,NaN,13.376,NaN,1,0,CabinetD05,None,1,0,0,0,0.0000,NaN,NaN,NaN,0
25.10,Romila,AUIT_Single,ACB,1.017,1.603,0.839,357.1,0.2,-2.197,1.378,13.812,NaN,NaN,NaN,World,CabinetD05,11.0,NaN,13.367,NaN,1,0,CabinetD05,None,1,0,0,0,0.0000,NaN,NaN,NaN,0
25.21,Romila,AUIT_Single,ACB,1.020,1.602,0.847,355.4,0.2,-2.197,1.378,13.812,NaN,NaN,NaN,World,CabinetD05,9.3,NaN,13.361,NaN,1,0,CabinetD05,None,1,0,0,0,0.0000,NaN,NaN,NaN,0
25.31,Romila,AUIT_Single,ACB,1.018,1.602,0.850,354.2,0.3,-2.197,1.378,13.812,NaN,NaN,NaN,World,CabinetD05,8.2,NaN,13.357,NaN,1,0,CabinetD05,None,1,0,0,0,0.0000,NaN,NaN,NaN,0
25.41,Romila,AUIT_Single,ACB,1.014,1.602,0.852,353.8,0.4,-2.197,1.378,13.812,NaN,NaN,NaN,World,CabinetD05,7.8,NaN,13.354,NaN,1,0,CabinetD05,None,1,0,0,0,0.0000,NaN,NaN,NaN,0
25.50,Romila,AUIT_Single,ACB,1.010,1.602,0.853,353.9,0.3,-2.197,1.378,13.812,NaN,NaN,NaN,World,CabinetD05,7.8,NaN,13.352,NaN,1,0,CabinetD05,None,1,0,0,0,0.0000,NaN,NaN,NaN,0
25.60,Romila,AUIT_Single,ACB,1.004,1.602,0.853,353.6,0.3,-2.197,1.378,13.812,NaN,NaN,NaN,World,CabinetD05,7.5,NaN,13.351,NaN,1,0,CabinetD05,None,1,0,0,0,0.0000,NaN,NaN,NaN,0
25.71,Romila,AUIT_Single,ACB,0.997,1.603,0.853,353.0,0.4,-2.197,1.378,13.812,NaN,NaN,NaN,World,CabinetD05,6.9,NaN,13.349,NaN,1,0,CabinetD05,None,1,0,0,0,0.0000,NaN,NaN,NaN,0
25.81,Romila,AUIT_Single,ACB,0.991,1.603,0.852,352.8,0.5,-2.197,1.378,13.812,NaN,NaN,NaN,World,CabinetD05,6.7,NaN,13.348,NaN,1,0,CabinetD05,None,1,0,0,0,0.0000,NaN,NaN,NaN,0
25.91,Romila,AUIT_Single,ACB,0.987,1.603,0.851,352.9,0.4,-2.197,1.378,13.812,NaN,NaN,NaN,World,CabinetD05,6.7,NaN,13.348,NaN,1,0,CabinetD05,None,1,0,0,0,0.0000,NaN,NaN,NaN,0
26.00,Romila,AUIT_Single,ACB,0.984,1.604,0.851,352.9,0.2,-2.197,1.378,13.812,NaN,NaN,NaN,World,CabinetD05,6.7,NaN,13.348,NaN,1,0,CabinetD05,None,1,0,0,0,0.0000,NaN,NaN,NaN,0
26.10,Romila,AUIT_Single,ACB,0.982,1.604,0.850,352.8,0.1,-2.197,1.378,13.812,NaN,NaN,NaN,World,CabinetD05,6.6,NaN,13.349,NaN,1,0,CabinetD05,None,1,0,0,0,0.0000,NaN,NaN,NaN,0
26.21,Romila,AUIT_Single,ACB,0.982,1.604,0.848,352.8,0.0,-2.197,1.378,13.812,NaN,NaN,NaN,World,CabinetD05,6.6,NaN,13.350,NaN,1,0,CabinetD05,None,1,0,0,0,0.0000,NaN,NaN,NaN,0
26.31,Romila,AUIT_Single,ACB,0.981,1.604,0.846,352.7,0.2,-2.197,1.378,13.812,NaN,NaN,NaN,World,CabinetD05,6.5,NaN,13.352,NaN,1,0,CabinetD05,None,1,0,0,0,0.0000,NaN,NaN,NaN,0
26.41,Romila,AUIT_Single,ACB,0.983,1.602,0.845,353.2,0.8,-2.197,1.378,13.812,NaN,NaN,NaN,World,CabinetD05,7.0,NaN,13.353,NaN,1,0,CabinetD05,None,1,0,0,0,0.0000,NaN,NaN,NaN,0
26.50,Romila,AUIT_Single,ACB,0.984,1.600,0.845,354.9,2.1,-2.197,1.378,13.812,NaN,NaN,NaN,World,CabinetD05,8.8,NaN,13.354,NaN,1,0,CabinetD05,None,1,0,0,0,0.0000,NaN,NaN,NaN,0
26.60,Romila,AUIT_Single,ACB,0.985,1.598,0.846,356.8,3.8,-2.197,1.378,13.812,NaN,NaN,NaN,World,CabinetD05,11.0,NaN,13.353,NaN,1,0,CabinetD05,None,1,0,0,0,0.0000,NaN,NaN,NaN,0
26.71,Romila,AUIT_Single,ACB,0.986,1.594,0.847,359.1,5.8,-2.197,1.378,13.812,NaN,NaN,NaN,World,CabinetD05,13.8,NaN,13.352,NaN,1,0,CabinetD05,None,1,0,0,0,0.0000,NaN,NaN,NaN,0
26.81,Romila,AUIT_Single,ACB,0.987,1.592,0.848,1.2,7.4,-2.197,1.378,13.812,NaN,NaN,NaN,World,CabinetD05,16.3,NaN,13.351,NaN,1,0,CabinetD05,None,1,0,0,0,0.0000,NaN,NaN,NaN,0
26.91,Romila,AUIT_Single,ACB,0.988,1.590,0.849,3.2,8.7,-2.197,1.378,13.812,NaN,NaN,NaN,World,CabinetD05,18.6,NaN,13.350,NaN,1,0,CabinetD05,None,1,0,0,0,0.0000,NaN,NaN,NaN,0
27.00,Romila,AUIT_Single,ACB,0.989,1.588,0.850,4.4,9.5,-2.197,1.378,13.812,NaN,NaN,NaN,World,Wall4m,20.0,NaN,13.350,NaN,1,0,CabinetD05,None,1,0,0,0,0.0000,NaN,NaN,NaN,0
27.10,Romila,AUIT_Single,ACB,0.990,1.588,0.851,5.0,9.7,-2.197,1.378,13.812,NaN,NaN,NaN,World,Wall4m,20.7,NaN,13.349,NaN,1,0,CabinetD05,None,1,0,0,0,0.0000,NaN,NaN,NaN,0
27.21,Romila,AUIT_Single,ACB,0.990,1.588,0.852,5.1,9.9,-2.197,1.378,13.812,NaN,NaN,NaN,World,Wall4m,20.8,NaN,13.348,NaN,1,0,CabinetD05,None,1,0,0,0,0.0000,NaN,NaN,NaN,0
27.34,Romila,AUIT_Single,ACB,0.989,1.588,0.853,4.9,10.0,-2.197,1.378,13.812,NaN,NaN,NaN,World,Wall4m,20.7,NaN,13.347,NaN,1,0,CabinetD05,None,1,0,0,0,0.0000,NaN,NaN,NaN,0
27.41,Romila,AUIT_Single,ACB,0.989,1.588,0.854,4.8,10.0,-2.197,1.378,13.812,NaN,NaN,NaN,World,Wall4m,20.6,NaN,13.346,NaN,1,0,CabinetD05,None,1,0,0,0,0.0000,NaN,NaN,NaN,0
27.50,Romila,AUIT_Single,ACB,0.988,1.587,0.855,4.5,10.2,-2.197,1.378,13.812,NaN,NaN,NaN,World,Wall4m,20.4,NaN,13.344,NaN,1,0,CabinetD05,None,1,0,0,0,0.0000,NaN,NaN,NaN,0
27.60,Romila,AUIT_Single,ACB,0.986,1.587,0.856,3.8,10.3,-2.197,1.378,13.812,NaN,NaN,NaN,World,Wall4m,19.9,NaN,13.343,NaN,1,0,CabinetD05,None,1,0,0,0,0.0000,NaN,NaN,NaN,0
27.71,Romila,AUIT_Single,ACB,0.984,1.587,0.858,3.1,10.5,-2.197,1.378,13.812,NaN,NaN,NaN,World,Wall4m,19.3,NaN,13.341,NaN,1,0,CabinetD05,None,1,0,0,0,0.0000,NaN,NaN,NaN,0
27.81,Romila,AUIT_Single,ACB,0.982,1.587,0.859,2.7,10.6,-2.197,1.378,13.812,NaN,NaN,NaN,World,Wall4m,19.0,NaN,13.339,NaN,1,0,CabinetD05,None,1,0,0,0,0.0000,NaN,NaN,NaN,0
27.91,Romila,AUIT_Single,ACB,0.980,1.587,0.860,2.1,10.5,-2.197,1.378,13.812,NaN,NaN,NaN,World,Wall4m,18.4,NaN,13.338,NaN,1,0,CabinetD05,None,1,0,0,0,0.0000,NaN,NaN,NaN,0
28.00,Romila,AUIT_Single,ACB,0.978,1.588,0.860,0.8,9.6,-2.197,1.378,13.812,NaN,NaN,NaN,World,Wall4m,16.9,NaN,13.338,NaN,1,0,CabinetD05,None,1,0,0,0,0.0000,NaN,NaN,NaN,0
28.10,Romila,AUIT_Single,ACB,0.975,1.590,0.859,359.5,8.8,-2.197,1.378,13.812,NaN,NaN,NaN,World,CabinetD05,15.3,NaN,13.338,NaN,1,0,CabinetD05,None,1,0,0,0,0.0000,NaN,NaN,NaN,0
28.21,Romila,AUIT_Single,ACB,0.971,1.592,0.858,357.2,7.9,-2.197,1.378,13.812,NaN,NaN,NaN,World,CabinetD05,12.9,NaN,13.338,NaN,1,0,CabinetD05,None,1,0,0,0,0.0000,NaN,NaN,NaN,0
28.31,Romila,AUIT_Single,ACB,0.962,1.592,0.856,352.0,7.7,-2.197,1.378,13.812,NaN,NaN,NaN,World,CabinetD05,8.8,NaN,13.338,NaN,1,0,CabinetD05,None,1,0,0,0,0.0000,NaN,NaN,NaN,0
28.41,Romila,AUIT_Single,ACB,0.950,1.590,0.852,344.6,8.8,-2.197,1.378,13.812,NaN,NaN,NaN,World,Video Quad,8.1,NaN,13.339,NaN,1,0,CabinetD05,None,1,0,0,0,0.0000,NaN,NaN,NaN,0
28.50,Romila,AUIT_Single,ACB,0.938,1.589,0.847,337.4,9.2,-2.197,1.378,13.812,NaN,NaN,NaN,World,Video Quad,12.2,NaN,13.340,NaN,1,0,CabinetD05,None,1,0,0,0,0.0000,NaN,NaN,NaN,0
28.60,Romila,AUIT_Single,ACB,0.928,1.589,0.843,332.1,9.1,-2.197,1.378,13.812,NaN,NaN,NaN,World,Video Quad,16.4,NaN,13.342,NaN,1,0,CabinetD05,None,1,0,0,0,0.0000,NaN,NaN,NaN,0
28.71,Romila,AUIT_Single,ACB,0.920,1.589,0.839,327.6,9.0,-2.197,1.378,13.812,NaN,NaN,NaN,World,Video Quad,20.5,NaN,13.344,NaN,1,0,CabinetD05,None,1,0,0,0,0.0000,NaN,NaN,NaN,0
28.81,Romila,AUIT_Single,ACB,0.912,1.590,0.836,324.2,8.9,-2.197,1.378,13.812,NaN,NaN,NaN,World,Video Quad,23.6,NaN,13.345,NaN,1,0,CabinetD05,None,1,0,0,0,0.0000,NaN,NaN,NaN,0
28.91,Romila,AUIT_Single,ACB,0.903,1.589,0.834,321.5,9.3,-2.197,1.378,13.812,NaN,NaN,NaN,World,Video Quad,26.3,NaN,13.345,NaN,1,0,CabinetD05,None,0,0,0,0,0.0000,NaN,NaN,NaN,0
29.00,Romila,AUIT_Single,ACB,0.891,1.590,0.831,319.1,9.3,-2.197,1.378,13.812,NaN,NaN,NaN,World,Video Quad,28.7,NaN,13.345,NaN,1,0,CabinetD05,None,0,0,0,0,0.0000,NaN,NaN,NaN,0
29.10,Romila,AUIT_Single,ACB,0.877,1.590,0.829,317.1,9.3,-2.197,1.378,13.812,NaN,NaN,NaN,World,Wall4m,30.6,NaN,13.344,NaN,1,0,CabinetD06,None,0,0,0,0,0.0000,NaN,NaN,NaN,0
29.21,Romila,AUIT_Single,ACB,0.859,1.591,0.827,315.5,9.2,-2.197,1.378,13.812,NaN,NaN,NaN,World,Wall4m,32.2,NaN,13.341,NaN,1,0,CabinetD06,None,0,0,0,0,0.0000,NaN,NaN,NaN,0
29.31,Romila,AUIT_Single,ACB,0.841,1.592,0.827,314.5,9.1,-2.197,1.378,13.812,NaN,NaN,NaN,World,Wall4m,33.2,NaN,13.337,NaN,1,0,CabinetD06,None,0,0,0,0,0.0000,NaN,NaN,NaN,0
29.41,Romila,AUIT_Single,ACB,0.822,1.593,0.827,313.8,9.0,-2.197,1.378,13.812,NaN,NaN,NaN,World,Wall4m,33.9,NaN,13.333,NaN,1,0,CabinetD06,None,0,0,0,0,0.0000,NaN,NaN,NaN,0
29.50,Romila,AUIT_Single,ACB,0.801,1.589,0.824,314.0,9.3,-2.197,1.378,13.812,NaN,NaN,NaN,World,Wall4m,33.9,NaN,13.331,NaN,1,0,CabinetD06,None,0,0,0,0,0.0000,NaN,NaN,NaN,0
29.60,Romila,AUIT_Single,ACB,0.778,1.585,0.818,314.8,9.9,-2.197,1.378,13.812,NaN,NaN,NaN,World,Wall4m,33.4,NaN,13.332,NaN,1,0,CabinetD06,None,0,0,0,0,0.0000,NaN,NaN,NaN,0
29.71,Romila,AUIT_Single,ACB,0.754,1.588,0.812,316.0,10.0,-2.197,1.378,13.812,NaN,NaN,NaN,World,Wall4m,32.4,NaN,13.333,NaN,1,0,CabinetD06,None,0,0,0,0,0.0000,NaN,NaN,NaN,0
29.81,Romila,AUIT_Single,ACB,0.738,1.591,0.810,316.8,10.0,-2.197,1.378,13.812,NaN,NaN,NaN,World,Wall4m,31.6,NaN,13.331,NaN,1,0,CabinetD06,None,0,0,0,0,0.0000,NaN,NaN,NaN,0
29.91,Romila,AUIT_Single,ACB,0.726,1.593,0.812,317.5,10.0,-2.197,1.378,13.812,NaN,NaN,NaN,World,Wall4m,31.0,NaN,13.326,NaN,1,0,CabinetD06,None,0,0,0,0,0.0000,NaN,NaN,NaN,0
30.00,Romila,AUIT_Single,ACB,0.721,1.593,0.815,317.7,10.0,-2.197,1.378,13.812,NaN,NaN,NaN,World,Wall4m,30.9,NaN,13.322,NaN,1,0,CabinetD06,None,0,0,0,0,0.0000,NaN,NaN,NaN,0
30.10,Romila,AUIT_Single,ACB,0.712,1.593,0.825,318.2,10.3,-2.197,1.378,13.812,NaN,NaN,NaN,World,Video Quad,30.5,NaN,13.311,NaN,1,0,CabinetD06,None,0,0,0,0,0.0000,NaN,NaN,NaN,0
30.21,Romila,AUIT_Single,ACB,0.710,1.593,0.834,318.9,10.3,-2.197,1.378,13.812,NaN,NaN,NaN,World,Video Quad,29.8,NaN,13.301,NaN,1,0,CabinetD06,None,0,0,0,0,0.0000,NaN,NaN,NaN,0
30.31,Romila,AUIT_Single,ACB,0.710,1.593,0.844,319.5,10.7,-2.197,1.378,13.812,NaN,NaN,NaN,World,Video Quad,29.3,NaN,13.291,NaN,1,0,CabinetD06,None,0,0,0,0,0.0000,NaN,NaN,NaN,0
30.41,Romila,AUIT_Single,ACB,0.713,1.593,0.856,320.0,11.0,-2.197,1.378,13.812,NaN,NaN,NaN,World,Video Quad,28.9,NaN,13.281,NaN,1,0,CabinetD06,None,0,0,0,0,0.0000,NaN,NaN,NaN,0
30.50,Romila,AUIT_Single,ACB,0.717,1.592,0.868,320.3,11.2,-2.197,1.378,13.812,NaN,NaN,NaN,World,Wall4m,28.8,NaN,13.269,NaN,1,0,CabinetD06,None,0,0,0,0,0.0000,NaN,NaN,NaN,0
30.60,Romila,AUIT_Single,ACB,0.723,1.591,0.882,320.1,11.3,-2.197,1.378,13.812,NaN,NaN,NaN,World,Wall4m,28.9,NaN,13.258,NaN,1,0,CabinetD06,None,0,0,0,0,0.0000,NaN,NaN,NaN,0
30.71,Romila,AUIT_Single,ACB,0.729,1.588,0.898,318.4,11.2,-2.197,1.378,13.812,NaN,NaN,NaN,World,Wall4m,30.4,NaN,13.243,NaN,1,0,CabinetD06,None,0,0,0,0,0.0000,NaN,NaN,NaN,0
30.81,Romila,AUIT_Single,ACB,0.727,1.587,0.912,316.6,11.5,-2.197,1.378,13.812,NaN,NaN,NaN,World,Wall4m,32.2,NaN,13.229,NaN,1,0,CabinetD06,None,0,0,0,0,0.0000,NaN,NaN,NaN,0
30.91,Romila,AUIT_Single,ACB,0.715,1.590,0.925,316.1,10.7,-2.197,1.378,13.812,NaN,NaN,NaN,World,Wall4m,32.5,NaN,13.214,NaN,1,0,CabinetD06,None,0,0,0,0,0.0000,NaN,NaN,NaN,0
31.00,Romila,AUIT_Single,ACB,0.693,1.589,0.936,316.0,9.3,-2.197,1.378,13.812,NaN,NaN,NaN,World,CabinetD06Door,32.3,NaN,13.198,NaN,1,0,CabinetD06,None,0,0,0,0,0.0000,NaN,NaN,NaN,0
31.10,Romila,AUIT_Single,ACB,0.664,1.589,0.946,316.2,9.1,-2.197,1.378,13.812,NaN,NaN,NaN,World,CabinetD06Door,32.1,NaN,13.182,NaN,1,0,CabinetD06,None,0,0,0,0,0.0000,NaN,NaN,NaN,0
31.21,Romila,AUIT_Single,ACB,0.630,1.591,0.957,316.4,8.7,-2.197,1.378,13.812,NaN,NaN,NaN,World,CabinetD06Door,32.0,NaN,13.164,NaN,1,0,CabinetD06,None,0,0,0,0,0.0000,NaN,NaN,NaN,0
31.31,Romila,AUIT_Single,ACB,0.604,1.593,0.968,316.3,8.0,-2.197,1.378,13.812,NaN,NaN,NaN,World,CabinetD06Door,32.1,NaN,13.148,NaN,1,0,CabinetD06,None,0,0,0,0,0.0000,NaN,NaN,NaN,0
31.41,Romila,AUIT_Single,ACB,0.583,1.593,0.977,316.8,8.1,-2.197,1.378,13.812,NaN,NaN,NaN,World,CabinetD06Door,31.7,NaN,13.134,NaN,1,0,CabinetD06,None,0,0,0,0,0.0000,NaN,NaN,NaN,0
31.50,Romila,AUIT_Single,ACB,0.565,1.592,0.985,317.5,8.6,-2.197,1.378,13.812,NaN,NaN,NaN,World,CabinetD06Door,31.2,NaN,13.123,NaN,1,0,CabinetD06,None,0,0,0,0,0.0000,NaN,NaN,NaN,0
31.63,Romila,AUIT_Single,ACB,0.554,1.591,0.990,317.9,8.8,-2.197,1.378,13.812,NaN,NaN,NaN,World,CabinetD06Door,30.9,NaN,13.115,NaN,1,0,CabinetD06,None,0,0,0,0,0.0000,NaN,NaN,NaN,0
31.71,Romila,AUIT_Single,ACB,0.543,1.589,0.995,318.4,9.6,-2.197,1.378,13.812,NaN,NaN,NaN,World,Video Quad,30.6,NaN,13.108,NaN,1,0,CabinetD06,None,0,0,0,0,0.0000,NaN,NaN,NaN,0
31.81,Romila,AUIT_Single,ACB,0.539,1.588,0.997,319.3,10.3,-2.197,1.378,13.812,NaN,NaN,NaN,World,Video Quad,30.0,NaN,13.106,NaN,1,0,CabinetD06,None,0,0,0,0,0.0000,NaN,NaN,NaN,0
31.91,Romila,AUIT_Single,ACB,0.539,1.587,0.997,320.8,11.0,-2.197,1.378,13.812,NaN,NaN,NaN,World,Video Quad,28.8,NaN,13.105,NaN,1,0,CabinetD06,None,0,0,0,0,0.0000,NaN,NaN,NaN,0
32.00,Romila,AUIT_Single,ACB,0.544,1.587,0.997,323.5,11.4,-2.197,1.378,13.812,NaN,NaN,NaN,World,Video Quad,26.4,NaN,13.106,NaN,1,0,CabinetD06,None,0,0,0,0,0.0000,NaN,NaN,NaN,0
32.10,Romila,AUIT_Single,ACB,0.553,1.587,0.998,328.2,12.0,-2.197,1.378,13.812,NaN,NaN,NaN,World,Video Quad,22.5,NaN,13.108,NaN,1,0,CabinetD06,None,1,0,0,0,0.0000,NaN,NaN,NaN,0
32.21,Romila,AUIT_Single,ACB,0.571,1.586,0.998,335.4,12.5,-2.197,1.378,13.812,NaN,NaN,NaN,World,Wall4m,16.9,NaN,13.111,NaN,1,0,CabinetD06,None,1,0,0,0,0.0000,NaN,NaN,NaN,0
32.31,Romila,AUIT_Single,ACB,0.590,1.586,0.998,343.1,12.7,-2.197,1.378,13.812,NaN,NaN,NaN,World,Wall4m,12.6,NaN,13.115,NaN,1,0,CabinetD06,None,1,0,0,0,0.0000,NaN,NaN,NaN,0
32.41,Romila,AUIT_Single,ACB,0.612,1.585,0.998,351.8,13.5,-2.197,1.378,13.812,NaN,NaN,NaN,World,Wall4m,13.2,NaN,13.120,NaN,1,0,CabinetD06,None,1,0,0,0,0.0000,NaN,NaN,NaN,0
32.50,Romila,AUIT_Single,ACB,0.633,1.585,0.997,359.9,13.7,-2.197,1.378,13.812,NaN,NaN,NaN,World,Wall4m,17.7,NaN,13.126,NaN,1,0,CabinetD06,None,1,0,0,0,0.0000,NaN,NaN,NaN,0
32.60,Romila,AUIT_Single,ACB,0.652,1.584,0.994,6.1,13.8,-2.197,1.378,13.812,NaN,NaN,NaN,World,Wall4m,22.6,NaN,13.132,NaN,1,0,CabinetD06,None,1,0,0,0,0.0000,NaN,NaN,NaN,0
32.73,Romila,AUIT_Single,ACB,0.666,1.585,0.993,9.6,13.7,-2.197,1.378,13.812,NaN,NaN,NaN,World,Wall4m,25.4,NaN,13.137,NaN,1,0,CabinetD06,None,0,0,0,0,0.0000,NaN,NaN,NaN,0
32.81,Romila,AUIT_Single,ACB,0.682,1.585,0.991,12.9,13.7,-2.197,1.378,13.812,NaN,NaN,NaN,World,Wall4m,28.3,NaN,13.143,NaN,1,0,CabinetD06,None,0,0,0,0,0.0000,NaN,NaN,NaN,0
32.91,Romila,AUIT_Single,ACB,0.692,1.585,0.990,14.5,14.0,-2.197,1.378,13.812,NaN,NaN,NaN,World,Wall4m,29.9,NaN,13.145,NaN,1,0,CabinetD06,None,0,0,0,0,0.0000,NaN,NaN,NaN,0
33.00,Romila,AUIT_Single,ACB,0.700,1.586,0.989,15.5,14.0,-2.197,1.378,13.812,NaN,NaN,NaN,World,Wall4m,30.9,NaN,13.148,NaN,1,0,CabinetD06,None,0,0,0,0,0.0000,NaN,NaN,NaN,0
33.10,Romila,AUIT_Single,ACB,0.706,1.586,0.990,16.3,14.1,-2.197,1.378,13.812,NaN,NaN,NaN,World,Wall4m,31.6,NaN,13.149,NaN,1,0,CabinetD06,None,0,0,0,0,0.0000,NaN,NaN,NaN,0
33.21,Romila,AUIT_Single,ACB,0.711,1.586,0.989,16.8,14.2,-2.197,1.378,13.812,NaN,NaN,NaN,World,Wall4m,32.1,NaN,13.151,NaN,1,0,CabinetD06,None,0,0,0,0,0.0000,NaN,NaN,NaN,0
33.31,Romila,AUIT_Single,ACB,0.714,1.586,0.987,17.1,14.2,-2.197,1.378,13.812,NaN,NaN,NaN,World,Wall4m,32.4,NaN,13.153,NaN,1,0,CabinetD06,None,0,0,0,0,0.0000,NaN,NaN,NaN,0
33.41,Romila,AUIT_Single,ACB,0.716,1.586,0.984,17.2,14.2,-2.197,1.378,13.812,NaN,NaN,NaN,World,Wall4m,32.5,NaN,13.156,NaN,1,0,CabinetD06,None,0,0,0,0,0.0000,NaN,NaN,NaN,0
33.50,Romila,AUIT_Single,ACB,0.718,1.586,0.981,17.0,13.9,-2.197,1.378,13.812,NaN,NaN,NaN,World,Wall4m,32.2,NaN,13.160,NaN,1,0,CabinetD06,None,0,0,0,0,0.0000,NaN,NaN,NaN,0
33.60,Romila,AUIT_Single,ACB,0.718,1.586,0.978,16.7,13.7,-2.197,1.378,13.812,NaN,NaN,NaN,World,Wall4m,31.8,NaN,13.163,NaN,1,0,CabinetD06,None,0,0,0,0,0.0000,NaN,NaN,NaN,0
33.71,Romila,AUIT_Single,ACB,0.719,1.586,0.976,16.3,13.7,-2.197,1.378,13.812,NaN,NaN,NaN,World,Wall4m,31.5,NaN,13.165,NaN,1,0,CabinetD06,None,0,0,0,0,0.0000,NaN,NaN,NaN,0
33.81,Romila,AUIT_Single,ACB,0.721,1.586,0.974,16.5,13.8,-2.197,1.378,13.812,NaN,NaN,NaN,World,Wall4m,31.7,NaN,13.167,NaN,1,0,CabinetD06,None,0,0,0,0,0.0000,NaN,NaN,NaN,0
33.91,Romila,AUIT_Single,ACB,0.724,1.587,0.972,16.7,13.7,-2.197,1.378,13.812,NaN,NaN,NaN,World,Wall4m,31.9,NaN,13.170,NaN,1,0,CabinetD06,None,0,0,0,0,0.0000,NaN,NaN,NaN,0
34.00,Romila,AUIT_Single,ACB,0.729,1.587,0.970,16.9,13.8,-2.197,1.378,13.812,NaN,NaN,NaN,World,Wall4m,32.2,NaN,13.173,NaN,1,0,CabinetD06,None,0,0,0,0,0.0000,NaN,NaN,NaN,0
34.10,Romila,AUIT_Single,ACB,0.738,1.586,0.967,17.4,14.3,-2.197,1.378,13.812,NaN,NaN,NaN,World,Wall4m,32.8,NaN,13.178,NaN,1,0,CabinetD06,None,0,0,0,0,0.0000,NaN,NaN,NaN,0
34.21,Romila,AUIT_Single,ACB,0.752,1.585,0.962,18.0,14.6,-2.197,1.378,13.812,NaN,NaN,NaN,World,Wall4m,33.5,NaN,13.186,NaN,1,0,CabinetD06,None,0,0,0,0,0.0000,NaN,NaN,NaN,0
34.31,Romila,AUIT_Single,ACB,0.767,1.585,0.958,18.3,14.6,-2.197,1.378,13.812,NaN,NaN,NaN,World,Wall4m,33.8,NaN,13.193,NaN,1,0,CabinetD06,None,0,0,0,0,0.0000,NaN,NaN,NaN,0
34.41,Romila,AUIT_Single,ACB,0.784,1.585,0.955,18.3,14.7,-2.197,1.378,13.812,NaN,NaN,NaN,World,Wall4m,33.9,NaN,13.200,NaN,1,0,CabinetD06,None,0,0,0,0,0.0000,NaN,NaN,NaN,0
34.50,Romila,AUIT_Single,ACB,0.802,1.584,0.952,17.9,15.0,-2.197,1.378,13.812,NaN,NaN,NaN,World,Wall4m,33.8,NaN,13.207,NaN,1,0,CabinetD06,None,0,0,0,0,0.0000,NaN,NaN,NaN,0
34.60,Romila,AUIT_Single,ACB,0.818,1.583,0.950,17.6,15.1,-2.197,1.378,13.812,NaN,NaN,NaN,World,Wall4m,33.5,NaN,13.212,NaN,1,0,CabinetD06,None,0,0,0,0,0.0000,NaN,NaN,NaN,0
34.71,Romila,AUIT_Single,ACB,0.836,1.582,0.949,16.9,15.0,-2.197,1.378,13.812,NaN,NaN,NaN,World,Wall4m,33.0,NaN,13.218,NaN,1,0,CabinetD06,None,0,0,0,0,0.0000,NaN,NaN,NaN,0
34.81,Romila,AUIT_Single,ACB,0.851,1.581,0.948,16.3,15.4,-2.197,1.378,13.812,NaN,NaN,NaN,World,Wall4m,32.7,NaN,13.222,NaN,1,0,CabinetD05,None,0,0,0,0,0.0000,NaN,NaN,NaN,0
34.91,Romila,AUIT_Single,ACB,0.864,1.580,0.949,16.0,15.5,-2.197,1.378,13.812,NaN,NaN,NaN,World,Wall4m,32.4,NaN,13.224,NaN,1,0,CabinetD05,None,0,0,0,0,0.0000,NaN,NaN,NaN,0
35.00,Romila,AUIT_Single,ACB,0.875,1.578,0.947,16.2,16.7,-2.197,1.378,13.812,NaN,NaN,NaN,World,Wall4m,33.2,NaN,13.228,NaN,1,0,CabinetD05,None,0,0,0,0,0.0000,NaN,NaN,NaN,0
35.10,Romila,AUIT_Single,ACB,0.884,1.576,0.940,18.7,18.1,-2.197,1.378,13.812,NaN,NaN,NaN,World,Wall4m,35.9,NaN,13.237,NaN,1,0,CabinetD05,None,0,0,0,0,0.0000,NaN,NaN,NaN,0
35.21,Romila,AUIT_Single,ACB,0.893,1.570,0.923,26.1,19.8,-2.197,1.378,13.812,NaN,NaN,NaN,World,Wall4m,43.1,NaN,13.256,NaN,1,0,CabinetD05,None,0,0,0,0,0.0000,NaN,NaN,NaN,0
35.36,Romila,AUIT_Single,ACB,0.893,1.564,0.902,34.5,22.2,-2.197,1.378,13.812,NaN,NaN,NaN,World,KitchenOven07,51.3,NaN,13.276,NaN,1,0,CabinetD05,None,0,0,0,0,0.0000,NaN,NaN,NaN,0
35.41,Romila,AUIT_Single,ACB,0.889,1.562,0.890,40.1,23.3,-2.197,1.378,13.812,NaN,NaN,NaN,World,KitchenOven07,56.6,NaN,13.287,NaN,1,0,CabinetD05,None,0,0,0,0,0.0000,NaN,NaN,NaN,0
35.50,Romila,AUIT_Single,ACB,0.890,1.559,0.876,43.3,24.2,-2.197,1.378,13.812,NaN,NaN,NaN,World,KitchenOven07,59.6,NaN,13.301,NaN,1,0,CabinetD05,None,0,0,0,0,0.0000,NaN,NaN,NaN,0
35.61,Romila,AUIT_Single,ACB,0.901,1.560,0.860,44.3,23.7,-2.197,1.378,13.812,NaN,NaN,NaN,World,KitchenOven07,60.4,NaN,13.319,NaN,1,0,CabinetD05,None,0,0,0,0,0.0000,NaN,NaN,NaN,0
35.71,Romila,AUIT_Single,ACB,0.921,1.560,0.847,44.6,23.3,-2.197,1.378,13.812,NaN,NaN,NaN,World,KitchenOven07,60.7,NaN,13.336,NaN,1,0,CabinetD05,None,0,0,0,0,0.0000,NaN,NaN,NaN,0
35.81,Romila,AUIT_Single,ACB,0.951,1.559,0.841,44.9,22.3,-2.197,1.378,13.812,NaN,NaN,NaN,World,KitchenOven07,60.8,NaN,13.349,NaN,1,0,CabinetD05,None,0,0,0,0,0.0000,NaN,NaN,NaN,0
35.91,Romila,AUIT_Single,ACB,0.979,1.559,0.841,44.5,22.0,-2.197,1.378,13.812,NaN,NaN,NaN,World,KitchenOven07,60.5,NaN,13.356,NaN,1,0,CabinetD05,None,0,0,0,0,0.0000,NaN,NaN,NaN,0
36.00,Romila,AUIT_Single,ACB,1.040,1.557,0.849,43.2,21.3,-2.197,1.378,13.812,NaN,NaN,NaN,World,KitchenOven07,59.4,NaN,13.363,NaN,1,0,CabinetD05,None,0,0,0,0,0.0000,NaN,NaN,NaN,0
36.10,Romila,AUIT_Single,ACB,1.090,1.556,0.856,42.4,21.1,-2.197,1.378,13.812,NaN,NaN,NaN,World,KitchenOven07,58.8,NaN,13.368,NaN,1,0,CabinetD05,None,0,0,0,0,0.0000,NaN,NaN,NaN,0
36.21,Romila,AUIT_Single,ACB,1.139,1.554,0.863,41.7,21.1,-2.197,1.378,13.812,NaN,NaN,NaN,World,KitchenOven07,58.4,NaN,13.373,NaN,1,0,CabinetD05,None,0,0,0,0,0.0000,NaN,NaN,NaN,0
36.31,Romila,AUIT_Single,ACB,1.172,1.551,0.870,41.3,20.5,-2.197,1.378,13.812,NaN,NaN,NaN,World,KitchenOven07,58.0,NaN,13.374,NaN,1,0,CabinetD05,None,0,0,0,0,0.0000,NaN,NaN,NaN,0
36.41,Romila,AUIT_Single,ACB,1.200,1.548,0.880,40.0,20.0,-2.197,1.378,13.812,NaN,NaN,NaN,World,KitchenOven07,56.9,NaN,13.372,NaN,1,0,CabinetD05Door,None,0,0,0,0,0.0000,NaN,NaN,NaN,0
36.50,Romila,AUIT_Single,ACB,1.225,1.543,0.890,38.8,20.0,-2.197,1.378,13.812,NaN,NaN,NaN,World,KitchenOven07,55.9,NaN,13.368,NaN,1,0,CabinetD05Door,None,0,0,0,0,0.0000,NaN,NaN,NaN,0
36.60,Romila,AUIT_Single,ACB,1.247,1.539,0.900,38.5,20.5,-2.197,1.378,13.812,NaN,NaN,NaN,World,KitchenOven07,55.8,NaN,13.364,NaN,1,0,CabinetD05Door,None,0,0,0,0,0.0000,NaN,NaN,NaN,0
36.71,Romila,AUIT_Single,ACB,1.265,1.533,0.910,37.8,21.1,-2.197,1.378,13.812,NaN,NaN,NaN,World,KitchenOven07,55.4,NaN,13.359,NaN,1,0,CabinetD05Door,None,0,0,0,0,0.0000,NaN,NaN,NaN,0
36.81,Romila,AUIT_Single,ACB,1.278,1.530,0.918,36.8,21.4,-2.197,1.378,13.812,NaN,NaN,NaN,World,KitchenOven07,54.7,NaN,13.355,NaN,1,0,CabinetD05Door,None,0,0,0,0,0.0000,NaN,NaN,NaN,0
36.91,Romila,AUIT_Single,ACB,1.290,1.527,0.925,36.3,21.2,-2.197,1.378,13.812,NaN,NaN,NaN,World,KitchenOven07,54.2,NaN,13.352,NaN,1,0,CabinetD05Door,None,0,0,0,0,0.0000,NaN,NaN,NaN,0
37.00,Romila,AUIT_Single,ACB,1.303,1.522,0.933,36.0,21.2,-2.197,1.378,13.812,NaN,NaN,NaN,World,KitchenOven07,53.9,NaN,13.347,NaN,1,0,CabinetD05Door,None,0,0,0,0,0.0000,NaN,NaN,NaN,0
37.10,Romila,AUIT_Single,ACB,1.317,1.517,0.942,35.5,21.5,-2.197,1.378,13.812,NaN,NaN,NaN,World,KitchenOven07,53.7,NaN,13.342,NaN,1,0,CabinetD05Door,None,0,0,0,0,0.0000,NaN,NaN,NaN,0
37.21,Romila,AUIT_Single,ACB,1.331,1.513,0.952,35.2,20.9,-2.197,1.378,13.812,NaN,NaN,NaN,World,KitchenOven07,53.3,NaN,13.336,NaN,1,0,CabinetD05Door,None,0,0,0,0,0.0000,NaN,NaN,NaN,0
37.31,Romila,AUIT_Single,ACB,1.339,1.509,0.958,34.8,21.2,-2.197,1.378,13.812,NaN,NaN,NaN,World,KitchenOven07,53.1,NaN,13.332,NaN,1,0,CabinetD05,None,0,0,0,0,0.0000,NaN,NaN,NaN,0
37.41,Romila,AUIT_Single,ACB,1.343,1.507,0.962,35.0,22.1,-2.197,1.378,13.812,NaN,NaN,NaN,World,KitchenOven07,53.5,NaN,13.330,NaN,1,0,CabinetD05,None,0,0,0,0,0.0000,NaN,NaN,NaN,0
37.50,Romila,AUIT_Single,ACB,1.344,1.506,0.963,35.8,22.9,-2.197,1.378,13.812,NaN,NaN,NaN,World,KitchenOven07,54.4,NaN,13.329,NaN,1,0,CabinetD05,None,0,0,0,0,0.0000,NaN,NaN,NaN,0
37.60,Romila,AUIT_Single,ACB,1.345,1.507,0.961,36.6,22.9,-2.197,1.378,13.812,NaN,NaN,NaN,World,KitchenOven07,55.2,NaN,13.330,NaN,1,0,CabinetD05,None,0,0,0,0,0.0000,NaN,NaN,NaN,0
37.71,Romila,AUIT_Single,ACB,1.346,1.506,0.961,37.6,23.0,-2.197,1.378,13.812,NaN,NaN,NaN,World,KitchenOven07,56.1,NaN,13.331,NaN,1,0,CabinetD05,None,0,0,0,0,0.0000,NaN,NaN,NaN,0
37.81,Romila,AUIT_Single,ACB,1.351,1.503,0.963,38.0,23.2,-2.197,1.378,13.812,NaN,NaN,NaN,World,KitchenOven07,56.5,NaN,13.331,NaN,1,0,CabinetDCorner02,None,0,0,0,0,0.0000,NaN,NaN,NaN,0
37.91,Romila,AUIT_Single,ACB,1.357,1.499,0.967,38.2,23.2,-2.197,1.378,13.812,NaN,NaN,NaN,World,KitchenOven07,56.8,NaN,13.328,NaN,1,0,CabinetDCorner02,None,0,0,0,0,0.0000,NaN,NaN,NaN,0
38.00,Romila,AUIT_Single,ACB,1.367,1.492,0.974,38.1,23.4,-2.197,1.378,13.812,NaN,NaN,NaN,World,KitchenOven07,56.8,NaN,13.324,NaN,1,0,CabinetDCorner02,None,0,0,0,0,0.0000,NaN,NaN,NaN,0
38.10,Romila,AUIT_Single,ACB,1.376,1.485,0.984,37.8,23.1,-2.197,1.378,13.812,NaN,NaN,NaN,World,KitchenOven07,56.5,NaN,13.317,NaN,1,0,CabinetDCorner02,None,0,0,0,0,0.0000,NaN,NaN,NaN,0
38.21,Romila,AUIT_Single,ACB,1.388,1.476,0.997,37.4,22.1,-2.197,1.378,13.812,NaN,NaN,NaN,World,KitchenOven07,56.0,NaN,13.307,NaN,1,0,CabinetDCorner02,None,0,0,0,0,0.0000,NaN,NaN,NaN,0
38.31,Romila,AUIT_Single,ACB,1.399,1.466,1.011,36.6,21.4,-2.197,1.378,13.812,NaN,NaN,NaN,World,KitchenOven07,55.1,NaN,13.298,NaN,1,0,CabinetDCorner02,None,0,0,0,0,0.0000,NaN,NaN,NaN,0
38.41,Romila,AUIT_Single,ACB,1.410,1.453,1.024,35.7,20.7,-2.197,1.378,13.812,NaN,NaN,NaN,World,KitchenOven07,54.2,NaN,13.288,NaN,1,0,CabinetDCorner02,None,0,0,0,0,0.0000,NaN,NaN,NaN,0
38.57,Romila,AUIT_Single,ACB,1.419,1.437,1.038,34.6,20.2,-2.197,1.378,13.812,NaN,NaN,NaN,World,KitchenOven07,53.1,NaN,13.277,NaN,1,0,CabinetDCorner02,None,0,0,0,0,0.0000,NaN,NaN,NaN,0
38.60,Romila,AUIT_Single,ACB,1.423,1.430,1.043,34.0,20.4,-2.197,1.378,13.812,NaN,NaN,NaN,World,KitchenOven07,52.7,NaN,13.272,NaN,1,0,CabinetDCorner02,None,0,0,0,0,0.0000,NaN,NaN,NaN,0
38.71,Romila,AUIT_Single,ACB,1.425,1.425,1.048,34.1,21.4,-2.197,1.378,13.812,NaN,NaN,NaN,World,KitchenOven07,53.1,NaN,13.268,NaN,1,0,CabinetDCorner02,None,0,0,0,0,0.0000,NaN,NaN,NaN,0
38.81,Romila,AUIT_Single,ACB,1.423,1.426,1.050,34.7,21.8,-2.197,1.378,13.812,NaN,NaN,NaN,World,KitchenOven07,53.7,NaN,13.266,NaN,1,0,CabinetDCorner02,None,0,0,0,0,0.0000,NaN,NaN,NaN,0
38.91,Romila,AUIT_Single,ACB,1.420,1.428,1.050,34.9,21.6,-2.197,1.378,13.812,NaN,NaN,NaN,World,KitchenOven07,53.8,NaN,13.265,NaN,1,0,CabinetDCorner02,None,0,0,0,0,0.0000,NaN,NaN,NaN,0
39.00,Romila,AUIT_Single,ACB,1.419,1.430,1.050,35.4,21.5,-2.197,1.378,13.812,NaN,NaN,NaN,World,KitchenOven07,54.3,NaN,13.265,NaN,1,0,CabinetDCorner02,None,0,0,0,0,0.0000,NaN,NaN,NaN,0
39.10,Romila,AUIT_Single,ACB,1.420,1.430,1.051,35.7,21.5,-2.197,1.378,13.812,NaN,NaN,NaN,World,KitchenOven07,54.5,NaN,13.264,NaN,1,0,CabinetDCorner02,None,0,0,0,0,0.0000,NaN,NaN,NaN,0
39.21,Romila,AUIT_Single,ACB,1.423,1.426,1.056,35.3,21.5,-2.197,1.378,13.812,NaN,NaN,NaN,World,KitchenOven07,54.2,NaN,13.260,NaN,1,0,CabinetDCorner02,None,0,0,0,0,0.0000,NaN,NaN,NaN,0
39.31,Romila,AUIT_Single,ACB,1.427,1.420,1.061,35.0,21.3,-2.197,1.378,13.812,NaN,NaN,NaN,World,KitchenOven07,53.9,NaN,13.256,NaN,1,0,Wall4m,None,0,0,0,0,0.0000,NaN,NaN,NaN,0
39.41,Romila,AUIT_Single,ACB,1.431,1.415,1.067,34.7,20.8,-2.197,1.378,13.812,NaN,NaN,NaN,World,KitchenOven07,53.5,NaN,13.252,NaN,1,0,Wall4m,None,0,0,0,0,0.0000,NaN,NaN,NaN,0
39.51,Romila,AUIT_Single,ACB,1.434,1.409,1.071,34.4,20.7,-2.197,1.378,13.812,NaN,NaN,NaN,World,KitchenOven07,53.2,NaN,13.248,NaN,1,0,Wall4m,None,0,0,0,0,0.0000,NaN,NaN,NaN,0
39.60,Romila,AUIT_Single,ACB,1.434,1.406,1.074,34.5,21.7,-2.197,1.378,13.812,NaN,NaN,NaN,World,KitchenOven07,53.6,NaN,13.246,NaN,1,0,Wall4m,None,0,0,0,0,0.0000,NaN,NaN,NaN,0
39.71,Romila,AUIT_Single,ACB,1.433,1.406,1.073,34.8,22.0,-2.197,1.378,13.812,NaN,NaN,NaN,World,KitchenOven07,54.0,NaN,13.246,NaN,1,0,Wall4m,None,0,0,0,0,0.0000,NaN,NaN,NaN,0
39.81,Romila,AUIT_Single,ACB,1.433,1.407,1.071,35.1,22.1,-2.197,1.378,13.812,NaN,NaN,NaN,World,KitchenOven07,54.3,NaN,13.248,NaN,1,0,Wall4m,None,0,0,0,0,0.0000,NaN,NaN,NaN,0
39.91,Romila,AUIT_Single,ACB,1.434,1.407,1.068,35.3,22.5,-2.197,1.378,13.812,NaN,NaN,NaN,World,KitchenOven07,54.6,NaN,13.251,NaN,1,0,Wall4m,None,0,0,0,0,0.0000,NaN,NaN,NaN,0
40.01,Romila,AUIT_Single,ACB,1.436,1.406,1.066,35.7,22.6,-2.197,1.378,13.812,NaN,NaN,NaN,World,KitchenOven07,54.9,NaN,13.254,NaN,1,0,Wall4m,None,0,0,0,0,0.0000,NaN,NaN,NaN,0
40.14,Romila,AUIT_Single,ACB,1.438,1.403,1.065,35.7,22.9,-2.197,1.378,13.812,NaN,NaN,NaN,World,KitchenOven07,55.0,NaN,13.255,NaN,1,0,Wall4m,None,0,0,0,0,0.0000,NaN,NaN,NaN,0
40.21,Romila,AUIT_Single,ACB,1.440,1.398,1.068,35.8,23.4,-2.197,1.378,13.812,NaN,NaN,NaN,World,KitchenOven07,55.3,NaN,13.253,NaN,1,0,Wall4m,None,0,0,0,0,0.0000,NaN,NaN,NaN,0
40.31,Romila,AUIT_Single,ACB,1.443,1.391,1.073,36.0,23.6,-2.197,1.378,13.812,NaN,NaN,NaN,World,KitchenOven07,55.6,NaN,13.249,NaN,1,0,Wall4m,None,0,0,0,0,0.0000,NaN,NaN,NaN,0
40.41,Romila,AUIT_Single,ACB,1.446,1.381,1.079,36.0,24.2,-2.197,1.378,13.812,NaN,NaN,NaN,World,KitchenOven07,55.8,NaN,13.244,NaN,1,0,Wall4m,None,0,0,0,0,0.0000,NaN,NaN,NaN,0
40.50,Romila,AUIT_Single,ACB,1.449,1.369,1.088,35.7,24.6,-2.197,1.378,13.812,NaN,NaN,NaN,World,KitchenOven07,55.7,NaN,13.236,NaN,1,0,Wall4m,None,0,0,0,0,0.0000,NaN,NaN,NaN,0
40.60,Romila,AUIT_Single,ACB,1.452,1.356,1.099,35.2,24.8,-2.197,1.378,13.812,NaN,NaN,NaN,World,KitchenOven07,55.4,NaN,13.227,NaN,1,0,Wall4m,None,0,0,0,0,0.0000,NaN,NaN,NaN,0
40.71,Romila,AUIT_Single,ACB,1.453,1.339,1.111,34.5,24.9,-2.197,1.378,13.812,NaN,NaN,NaN,World,KitchenOven07,54.9,NaN,13.215,NaN,1,0,Wall4m,None,0,0,0,0,0.0000,NaN,NaN,NaN,0
40.81,Romila,AUIT_Single,ACB,1.454,1.324,1.123,33.7,24.6,-2.197,1.378,13.812,NaN,NaN,NaN,World,KitchenOven07,54.2,NaN,13.204,NaN,1,0,Wall4m,None,0,0,0,0,0.0000,NaN,NaN,NaN,0
40.91,Romila,AUIT_Single,ACB,1.455,1.309,1.132,33.0,24.8,-2.197,1.378,13.812,NaN,NaN,NaN,World,KitchenOven07,53.7,NaN,13.196,NaN,1,0,Wall4m,None,0,0,0,0,0.0000,NaN,NaN,NaN,0
41.01,Romila,AUIT_Single,ACB,1.454,1.299,1.139,32.3,25.5,-2.197,1.378,13.812,NaN,NaN,NaN,World,KitchenOven07,53.4,NaN,13.189,NaN,1,0,Wall4m,None,0,0,0,0,0.0000,NaN,NaN,NaN,0
41.10,Romila,AUIT_Single,ACB,1.452,1.294,1.143,32.2,26.2,-2.197,1.378,13.812,NaN,NaN,NaN,World,KitchenOven07,53.5,NaN,13.185,NaN,1,0,Wall4m,None,0,0,0,0,0.0000,NaN,NaN,NaN,0
41.21,Romila,AUIT_Single,ACB,1.449,1.296,1.143,32.4,26.4,-2.197,1.378,13.812,NaN,NaN,NaN,World,KitchenOven07,53.7,NaN,13.184,NaN,1,0,Wall4m,None,0,0,0,0,0.0000,NaN,NaN,NaN,0
41.31,Romila,AUIT_Single,ACB,1.442,1.311,1.137,33.1,26.6,-2.197,1.378,13.812,NaN,NaN,NaN,World,KitchenOven07,54.4,NaN,13.188,NaN,1,0,Wall4m,None,0,0,0,0,0.0000,NaN,NaN,NaN,0
41.41,Romila,AUIT_Single,ACB,1.434,1.332,1.127,34.0,26.3,-2.197,1.378,13.812,NaN,NaN,NaN,World,KitchenOven07,54.9,NaN,13.195,NaN,1,0,Wall4m,None,0,0,0,0,0.0000,NaN,NaN,NaN,0
41.51,Romila,AUIT_Single,ACB,1.421,1.361,1.110,35.5,26.3,-2.197,1.378,13.812,NaN,NaN,NaN,World,KitchenOven07,56.1,NaN,13.207,NaN,1,0,Wall4m,None,0,0,0,0,0.0000,NaN,NaN,NaN,0
41.60,Romila,AUIT_Single,ACB,1.403,1.393,1.085,38.0,26.6,-2.197,1.378,13.812,NaN,NaN,NaN,World,KitchenOven07,58.1,NaN,13.226,NaN,1,0,Wall4m,None,0,0,0,0,0.0000,NaN,NaN,NaN,0
41.71,Romila,AUIT_Single,ACB,1.374,1.425,1.048,40.9,27.7,-2.197,1.378,13.812,NaN,NaN,NaN,World,KitchenOven07,60.6,NaN,13.254,NaN,1,0,CabinetDCorner02,None,0,0,0,0,0.0000,NaN,NaN,NaN,0
41.81,Romila,AUIT_Single,ACB,1.336,1.450,1.010,43.2,29.0,-2.197,1.378,13.812,NaN,NaN,NaN,World,KitchenOven07,62.7,NaN,13.281,NaN,1,0,Wall4m,None,0,0,0,0,0.0000,NaN,NaN,NaN,0
41.91,Romila,AUIT_Single,ACB,1.290,1.474,0.969,44.8,28.8,-2.197,1.378,13.812,NaN,NaN,NaN,World,KitchenOven07,63.8,NaN,13.309,NaN,1,0,CabinetD05Door,None,0,0,0,0,0.0000,NaN,NaN,NaN,0
42.01,Romila,AUIT_Single,ACB,1.241,1.494,0.926,46.2,28.8,-2.197,1.378,13.812,NaN,NaN,NaN,World,KitchenOven07,64.7,NaN,13.337,NaN,1,0,CabinetD05Door,None,0,0,0,0,0.0000,NaN,NaN,NaN,0
42.10,Romila,AUIT_Single,ACB,1.191,1.511,0.884,46.7,28.0,-2.197,1.378,13.812,NaN,NaN,NaN,World,KitchenOven07,64.7,NaN,13.366,NaN,1,0,CabinetD05Door,None,0,0,0,0,0.0000,NaN,NaN,NaN,0
42.21,Romila,AUIT_Single,ACB,1.139,1.528,0.838,46.4,26.3,-2.197,1.378,13.812,NaN,NaN,NaN,World,KitchenOven07,63.8,NaN,13.397,NaN,1,0,CabinetD05,None,0,0,0,0,0.0000,NaN,NaN,NaN,0
42.31,Romila,AUIT_Single,ACB,1.099,1.538,0.802,46.2,25.0,-2.197,1.378,13.812,NaN,NaN,NaN,World,KitchenOven07,63.1,NaN,13.422,NaN,1,0,CabinetD05,None,0,0,0,0,0.0000,NaN,NaN,NaN,0
42.41,Romila,AUIT_Single,ACB,1.065,1.547,0.771,45.4,23.1,-2.197,1.378,13.812,NaN,NaN,NaN,World,Video Quad,61.8,NaN,13.444,NaN,1,0,CabinetD05,None,0,0,0,0,0.0000,NaN,NaN,NaN,0
42.51,Romila,AUIT_Single,ACB,1.037,1.554,0.744,44.3,20.7,-2.197,1.378,13.812,NaN,NaN,NaN,World,Video Quad,60.2,NaN,13.463,NaN,1,0,CabinetD05,None,0,0,0,0,0.0000,NaN,NaN,NaN,0
42.60,Romila,AUIT_Single,ACB,1.014,1.558,0.723,43.3,18.9,-2.197,1.378,13.812,NaN,NaN,NaN,World,Video Quad,58.8,NaN,13.479,NaN,1,0,CabinetD05,None,0,0,0,0,0.0000,NaN,NaN,NaN,0
42.70,Romila,AUIT_Single,ACB,0.996,1.562,0.708,42.2,17.3,-2.197,1.378,13.812,NaN,NaN,NaN,World,Video Quad,57.3,NaN,13.489,NaN,1,0,CabinetD05,None,0,0,0,0,0.0000,NaN,NaN,NaN,0
42.81,Romila,AUIT_Single,ACB,0.979,1.567,0.695,40.2,15.1,-2.197,1.378,13.812,NaN,NaN,NaN,World,Video Quad,55.0,NaN,13.497,NaN,1,0,CabinetD05,None,0,0,0,0,0.0000,NaN,NaN,NaN,0
42.91,Romila,AUIT_Single,ACB,0.966,1.571,0.687,37.4,13.5,-2.197,1.378,13.812,NaN,NaN,NaN,World,Video Quad,52.0,NaN,13.502,NaN,1,0,CabinetD05,None,0,0,0,0,0.0000,NaN,NaN,NaN,0
43.01,Romila,AUIT_Single,ACB,0.952,1.574,0.680,34.7,12.0,-2.197,1.378,13.812,NaN,NaN,NaN,World,Video Quad,49.1,NaN,13.506,NaN,1,0,CabinetD05,None,0,0,0,0,0.0000,NaN,NaN,NaN,0
43.10,Romila,AUIT_Single,ACB,0.939,1.576,0.673,33.0,11.0,-2.197,1.378,13.812,NaN,NaN,NaN,World,Video Quad,47.2,NaN,13.510,NaN,1,0,CabinetD05,None,0,0,0,0,0.0000,NaN,NaN,NaN,0
43.20,Romila,AUIT_Single,ACB,0.927,1.579,0.669,32.3,10.6,-2.197,1.378,13.812,NaN,NaN,NaN,World,Video Quad,46.4,NaN,13.511,NaN,1,0,CabinetD05,None,0,0,0,0,0.0000,NaN,NaN,NaN,0
43.31,Romila,AUIT_Single,ACB,0.917,1.583,0.665,31.9,10.4,-2.197,1.378,13.812,NaN,NaN,NaN,World,CabinetDCorner02,46.0,NaN,13.512,NaN,1,0,CabinetD05,None,0,0,0,0,0.0000,NaN,NaN,NaN,0
43.41,Romila,AUIT_Single,ACB,0.912,1.586,0.662,31.6,10.4,-2.197,1.378,13.812,NaN,NaN,NaN,World,CabinetDCorner02,45.6,NaN,13.514,NaN,1,0,CabinetD05,None,0,0,0,0,0.0000,NaN,NaN,NaN,0
43.51,Romila,AUIT_Single,ACB,0.913,1.585,0.658,30.9,11.3,-2.197,1.378,13.812,NaN,NaN,NaN,World,Video Quad,45.1,NaN,13.518,NaN,1,0,CabinetD05,None,0,0,0,0,0.0000,NaN,NaN,NaN,0
43.60,Romila,AUIT_Single,ACB,0.920,1.584,0.656,29.8,12.1,-2.197,1.378,13.812,NaN,NaN,NaN,World,Video Quad,44.3,NaN,13.522,NaN,1,0,CabinetD05,None,0,0,0,0,0.0000,NaN,NaN,NaN,0
43.70,Romila,AUIT_Single,ACB,0.932,1.585,0.655,29.0,12.8,-2.197,1.378,13.812,NaN,NaN,NaN,World,Video Quad,43.7,NaN,13.526,NaN,1,0,CabinetD05,None,0,0,0,0,0.0000,NaN,NaN,NaN,0
43.81,Romila,AUIT_Single,ACB,0.947,1.586,0.656,28.7,13.6,-2.197,1.378,13.812,NaN,NaN,NaN,World,Video Quad,43.6,NaN,13.529,NaN,1,0,CabinetD05,None,0,0,0,0,0.0000,NaN,NaN,NaN,0
43.91,Romila,AUIT_Single,ACB,0.960,1.587,0.657,28.9,14.0,-2.197,1.378,13.812,NaN,NaN,NaN,World,Video Quad,44.0,NaN,13.530,NaN,1,0,CabinetD05,None,0,0,0,0,0.0000,NaN,NaN,NaN,0
44.01,Romila,AUIT_Single,ACB,0.970,1.587,0.659,29.0,14.2,-2.197,1.378,13.812,NaN,NaN,NaN,World,Video Quad,44.1,NaN,13.531,NaN,1,0,CabinetD05,None,0,0,0,0,0.0000,NaN,NaN,NaN,0
44.10,Romila,AUIT_Single,ACB,0.978,1.587,0.660,28.5,14.2,-2.197,1.378,13.812,NaN,NaN,NaN,World,Video Quad,43.7,NaN,13.531,NaN,1,0,CabinetD05,None,0,0,0,0,0.0000,NaN,NaN,NaN,0
44.20,Romila,AUIT_Single,ACB,0.983,1.587,0.662,28.5,14.1,-2.197,1.378,13.812,NaN,NaN,NaN,World,Video Quad,43.6,NaN,13.531,NaN,1,0,CabinetD05,None,0,0,0,0,0.0000,NaN,NaN,NaN,0
44.31,Romila,AUIT_Single,ACB,0.987,1.587,0.664,29.1,13.8,-2.197,1.378,13.812,NaN,NaN,NaN,World,Video Quad,44.2,NaN,13.530,NaN,1,0,CabinetD05,None,0,0,0,0,0.0000,NaN,NaN,NaN,0
44.41,Romila,AUIT_Single,ACB,0.988,1.587,0.666,29.7,13.6,-2.197,1.378,13.812,NaN,NaN,NaN,World,Video Quad,44.7,NaN,13.529,NaN,1,0,CabinetD05,None,0,0,0,0,0.0000,NaN,NaN,NaN,0
44.51,Romila,AUIT_Single,ACB,0.990,1.587,0.667,30.4,13.7,-2.197,1.378,13.812,NaN,NaN,NaN,World,Video Quad,45.4,NaN,13.527,NaN,1,0,CabinetD05,None,0,0,0,0,0.0000,NaN,NaN,NaN,0
44.60,Romila,AUIT_Single,ACB,0.992,1.585,0.669,31.1,14.6,-2.197,1.378,13.812,NaN,NaN,NaN,World,Video Quad,46.3,NaN,13.526,NaN,1,0,CabinetD05,None,0,0,0,0,0.0000,NaN,NaN,NaN,0
44.70,Romila,AUIT_Single,ACB,0.993,1.584,0.672,31.9,15.2,-2.197,1.378,13.812,NaN,NaN,NaN,World,Video Quad,47.2,NaN,13.524,NaN,1,0,CabinetD05,None,0,0,0,0,0.0000,NaN,NaN,NaN,0
44.81,Romila,AUIT_Single,ACB,0.994,1.582,0.674,32.7,15.8,-2.197,1.378,13.812,NaN,NaN,NaN,World,Video Quad,48.1,NaN,13.522,NaN,1,0,CabinetD05,None,0,0,0,0,0.0000,NaN,NaN,NaN,0
44.91,Romila,AUIT_Single,ACB,0.995,1.582,0.677,33.1,16.1,-2.197,1.378,13.812,NaN,NaN,NaN,World,Video Quad,48.5,NaN,13.519,NaN,1,0,CabinetD05,None,0,0,0,0,0.0000,NaN,NaN,NaN,0
45.01,Romila,AUIT_Single,ACB,0.995,1.581,0.679,33.4,16.3,-2.197,1.378,13.812,NaN,NaN,NaN,World,Video Quad,48.8,NaN,13.517,NaN,1,0,CabinetD05,None,0,0,0,0,0.0000,NaN,NaN,NaN,0
45.16,Romila,AUIT_Single,ACB,1.000,0.000,1.000,0.0,0.0,-2.197,1.378,13.812,NaN,NaN,NaN,World,CabinetD01,15.2,NaN,13.277,NaN,1,0,CabinetD01,None,1,0,0,0,0.0000,NaN,NaN,NaN,0
